PRAGMA foreign_keys=OFF;
BEGIN TRANSACTION;
CREATE TABLE EELettura (
    idLettura     INTEGER PRIMARY KEY,
    idEEFattura   INT                   NOT NULL,
    LettDtPrec    DATE,
    LettPrec      INT,
    TipoLettura   VARCHAR (16),
    LettDtAttuale DATE,
    LettAttuale   INT,
    LettConsumo   FLOAT
);
INSERT INTO EELettura VALUES(89,36,'2022-10-31',0,'stim','2022-11-30',0,293.0);
INSERT INTO EELettura VALUES(90,36,'2022-11-30',0,'stim','2022-12-31',0,343.0);
INSERT INTO EELettura VALUES(91,37,'2022-12-31',0,'stim','2023-01-31',0,267.0);
INSERT INTO EELettura VALUES(92,37,'2023-01-31',0,'stim','2023-02-28',0,266.0);
INSERT INTO EELettura VALUES(93,38,'2023-04-30',35824,'real','2023-05-31',36139,315.0);
INSERT INTO EELettura VALUES(94,38,'2023-05-31',36139,'real','2023-06-30',36281,142.0);
INSERT INTO EELettura VALUES(180,70,'2019-08-31',18952,'real','2019-09-30',19221,269.0);
INSERT INTO EELettura VALUES(181,70,'2019-09-30',19221,'real','2019-10-31',19490,269.0);
INSERT INTO EELettura VALUES(182,71,'2019-10-31',19490,'real','2019-11-30',19772,282.0);
INSERT INTO EELettura VALUES(183,71,'2019-11-30',19772,'real','2019-12-31',20089,317.0);
INSERT INTO EELettura VALUES(184,72,'2019-12-31',20089,'real','2020-01-31',20382,293.0);
INSERT INTO EELettura VALUES(185,72,'2020-01-31',20382,'real','2020-02-29',20644,262.0);
INSERT INTO EELettura VALUES(186,73,'2020-02-29',20644,'real','2020-03-31',20958,314.0);
INSERT INTO EELettura VALUES(187,73,'2020-03-31',20958,'real','2020-04-30',21254,296.0);
INSERT INTO EELettura VALUES(188,74,'2020-04-30',21254,'real','2020-05-31',21541,287.0);
INSERT INTO EELettura VALUES(189,74,'2020-05-31',21541,'real','2020-06-30',21803,262.0);
INSERT INTO EELettura VALUES(190,75,'2020-06-30',21803,'real','2020-07-24',21998,195.0);
INSERT INTO EELettura VALUES(191,75,'2020-07-24',21998,'real','2020-07-31',22053,55.0);
INSERT INTO EELettura VALUES(192,76,'2020-07-31',22053,'real','2020-08-31',22376,323.0);
INSERT INTO EELettura VALUES(193,76,'2020-08-31',22376,'real','2020-09-30',22636,260.0);
INSERT INTO EELettura VALUES(194,76,'2020-09-30',22636,'real','2020-10-31',22910,274.0);
INSERT INTO EELettura VALUES(195,76,'2020-10-31',22910,'real','2020-11-30',23217,307.0);
INSERT INTO EELettura VALUES(196,76,'2020-11-30',23217,'real','2020-12-31',23558,341.0);
INSERT INTO EELettura VALUES(197,77,'2020-12-31',23558,'real','2021-01-31',23927,369.0);
INSERT INTO EELettura VALUES(198,77,'2021-01-31',23927,'real','2021-02-28',24245,318.0);
INSERT INTO EELettura VALUES(199,77,'2021-02-28',24245,'real','2021-03-31',24571,326.0);
INSERT INTO EELettura VALUES(200,77,'2021-03-31',24571,'real','2021-04-30',24879,308.0);
INSERT INTO EELettura VALUES(201,78,'2021-04-30',24879,'real','2021-05-31',25173,294.0);
INSERT INTO EELettura VALUES(202,78,'2021-05-31',25173,'real','2021-06-30',25477,304.0);
INSERT INTO EELettura VALUES(203,78,'2021-06-30',25477,'real','2021-07-31',25831,354.0);
INSERT INTO EELettura VALUES(204,78,'2021-07-31',25831,'real','2021-08-31',26192,361.0);
INSERT INTO EELettura VALUES(205,79,'2021-08-31',26192,'real','2021-09-30',26491,299.0);
INSERT INTO EELettura VALUES(206,79,'2021-09-30',26491,'real','2021-10-31',26807,316.0);
INSERT INTO EELettura VALUES(207,79,'2021-10-31',26807,'real','2021-11-30',27132,325.0);
INSERT INTO EELettura VALUES(208,79,'2021-11-30',27132,'real','2021-12-31',27464,332.0);
INSERT INTO EELettura VALUES(209,80,'2021-12-31',27464,'real','2022-01-31',27789,325.0);
INSERT INTO EELettura VALUES(210,80,'2022-01-31',27789,'real','2022-02-28',28090,301.0);
INSERT INTO EELettura VALUES(211,80,'2022-02-28',28090,'real','2022-03-31',28390,300.0);
INSERT INTO EELettura VALUES(212,80,'2022-03-31',28390,'real','2022-04-30',28620,230.0);
INSERT INTO EELettura VALUES(213,81,'2022-04-30',28620,'real','2022-05-31',28931,311.0);
INSERT INTO EELettura VALUES(214,81,'2022-05-31',28931,'real','2022-06-30',29234,303.0);
INSERT INTO EELettura VALUES(215,81,'2022-06-30',29234,'real','2022-07-31',29611,377.0);
INSERT INTO EELettura VALUES(216,81,'2022-07-31',29611,'real','2022-08-31',29968,357.0);
INSERT INTO EELettura VALUES(217,82,'2022-08-31',29968,'real','2022-09-30',30254,286.0);
INSERT INTO EELettura VALUES(218,82,'2022-09-30',30254,'real','2022-10-31',30579,325.0);
INSERT INTO EELettura VALUES(219,82,'2022-10-31',30579,'real','2022-11-30',31228,649.0);
INSERT INTO EELettura VALUES(220,82,'2022-11-30',31228,'real','2022-12-31',31650,422.0);
INSERT INTO EELettura VALUES(221,83,'2022-12-31',31650,'real','2023-01-31',32039,389.0);
INSERT INTO EELettura VALUES(222,83,'2023-01-31',32039,'real','2023-02-28',32384,345.0);
INSERT INTO EELettura VALUES(223,83,'2023-02-28',32384,'real','2023-03-31',32721,337.0);
INSERT INTO EELettura VALUES(224,83,'2023-03-31',32721,'real','2023-04-30',33024,303.0);
INSERT INTO EELettura VALUES(225,84,'2023-04-30',33024,'real','2023-05-31',33333,309.0);
INSERT INTO EELettura VALUES(226,84,'2023-05-31',33333,'real','2023-06-30',33601,268.0);
INSERT INTO EELettura VALUES(227,84,'2023-06-30',33601,'real','2023-07-31',33973,372.0);
INSERT INTO EELettura VALUES(228,84,'2023-07-31',33973,'real','2023-08-31',34411,438.0);
INSERT INTO EELettura VALUES(229,85,'2020-10-31',29286,'real','2020-11-30',29491,205.0);
INSERT INTO EELettura VALUES(230,85,'2020-11-30',29491,'real','2020-12-31',29707,216.0);
INSERT INTO EELettura VALUES(231,86,'2020-12-31',29707,'real','2021-01-31',29906,199.0);
INSERT INTO EELettura VALUES(232,86,'2021-01-31',29906,'real','2021-02-28',30066,160.0);
INSERT INTO EELettura VALUES(233,87,'2021-02-28',30066,'real','2021-03-31',30252,186.0);
INSERT INTO EELettura VALUES(234,87,'2021-03-31',30252,'real','2021-04-30',30407,155.0);
INSERT INTO EELettura VALUES(235,88,'2021-04-30',30407,'real','2021-05-31',30550,143.0);
INSERT INTO EELettura VALUES(236,88,'2021-05-31',30550,'real','2021-06-30',30719,169.0);
INSERT INTO EELettura VALUES(237,89,'2021-06-30',30719,'real','2021-07-31',30899,180.0);
INSERT INTO EELettura VALUES(238,89,'2021-07-31',30899,'real','2021-08-31',31091,192.0);
INSERT INTO EELettura VALUES(239,90,'2021-08-31',31091,'real','2021-09-30',31219,128.0);
INSERT INTO EELettura VALUES(240,90,'2021-09-30',31219,'real','2021-10-31',31374,155.0);
INSERT INTO EELettura VALUES(241,91,'2021-10-31',31374,'real','2021-11-30',31529,155.0);
INSERT INTO EELettura VALUES(242,91,'2021-11-30',31529,'real','2021-12-31',31720,191.0);
INSERT INTO EELettura VALUES(243,92,'2022-02-28',32085,'real','2022-03-31',32261,176.0);
INSERT INTO EELettura VALUES(244,92,'2022-03-31',32261,'real','2022-04-30',32419,158.0);
INSERT INTO EELettura VALUES(245,93,'2022-04-30',32419,'real','2022-05-31',32556,137.0);
INSERT INTO EELettura VALUES(246,93,'2022-05-31',32556,'real','2022-06-30',32699,143.0);
INSERT INTO EELettura VALUES(247,94,'2022-06-30',32699,'real','2022-07-31',32880,181.0);
INSERT INTO EELettura VALUES(248,94,'2022-07-31',32880,'real','2022-08-31',33045,165.0);
INSERT INTO EELettura VALUES(249,95,'2022-08-31',33045,'real','2022-09-30',33183,138.0);
INSERT INTO EELettura VALUES(250,95,'2022-09-30',33183,'real','2022-10-31',33364,181.0);
INSERT INTO EELettura VALUES(251,96,'2022-10-31',33364,'real','2022-11-30',33525,161.0);
INSERT INTO EELettura VALUES(252,96,'2022-11-30',33525,'real','2022-12-31',33695,170.0);
INSERT INTO EELettura VALUES(253,97,'2022-12-31',33695,'real','2023-01-31',33865,170.0);
INSERT INTO EELettura VALUES(254,97,'2023-01-31',33865,'real','2023-02-28',34024,159.0);
INSERT INTO EELettura VALUES(255,98,'2023-02-28',34024,'real','2023-03-31',34180,156.0);
INSERT INTO EELettura VALUES(256,98,'2023-03-31',34180,'real','2023-04-30',34325,145.0);
INSERT INTO EELettura VALUES(257,99,'2019-06-30',23425,'real','2019-07-31',23452,27.0);
INSERT INTO EELettura VALUES(258,99,'2019-07-31',23452,'real','2019-08-31',23462,10.0);
INSERT INTO EELettura VALUES(259,100,'2019-08-31',23462,'real','2019-09-30',23501,39.0);
INSERT INTO EELettura VALUES(260,100,'2019-09-30',23501,'real','2019-10-31',23604,103.0);
INSERT INTO EELettura VALUES(261,101,'2019-10-31',23604,'real','2019-11-30',23840,236.0);
INSERT INTO EELettura VALUES(262,101,'2019-11-30',23840,'real','2019-12-31',24249,409.0);
INSERT INTO EELettura VALUES(263,102,'2019-12-31',24249,'real','2020-01-31',24992,743.0);
INSERT INTO EELettura VALUES(264,102,'2020-01-31',24992,'real','2020-02-29',25710,718.0);
INSERT INTO EELettura VALUES(265,103,'2020-02-29',25710,'real','2020-03-31',26218,508.0);
INSERT INTO EELettura VALUES(266,103,'2020-03-31',26218,'real','2020-04-30',26501,283.0);
INSERT INTO EELettura VALUES(267,104,'2020-04-30',26501,'real','2020-05-31',26781,280.0);
INSERT INTO EELettura VALUES(268,104,'2020-05-31',26781,'real','2020-06-30',26896,115.0);
INSERT INTO EELettura VALUES(269,105,'2020-06-30',26896,'real','2020-07-31',27058,162.0);
INSERT INTO EELettura VALUES(270,105,'2020-07-31',27058,'real','2020-08-31',27174,116.0);
INSERT INTO EELettura VALUES(271,106,'2020-08-31',27174,'real','2020-09-30',27290,116.0);
INSERT INTO EELettura VALUES(272,106,'2020-09-30',27290,'real','2020-10-31',27436,146.0);
INSERT INTO EELettura VALUES(273,107,'2020-10-31',27436,'real','2020-11-30',27729,293.0);
INSERT INTO EELettura VALUES(274,107,'2020-11-30',27729,'real','2020-12-31',28072,343.0);
INSERT INTO EELettura VALUES(275,108,'2020-12-31',28072,'real','2021-01-31',28456,384.0);
INSERT INTO EELettura VALUES(276,108,'2021-01-31',28456,'real','2021-02-28',28782,326.0);
INSERT INTO EELettura VALUES(277,109,'2021-02-28',28782,'real','2021-03-31',29091,309.0);
INSERT INTO EELettura VALUES(278,109,'2021-03-31',29091,'real','2021-04-30',29374,283.0);
INSERT INTO EELettura VALUES(279,110,'2021-04-30',29374,'real','2021-05-31',29631,257.0);
INSERT INTO EELettura VALUES(280,110,'2021-05-31',29631,'real','2021-06-30',29836,205.0);
INSERT INTO EELettura VALUES(281,111,'2021-06-30',29836,'real','2021-07-31',30043,207.0);
INSERT INTO EELettura VALUES(282,111,'2021-07-31',30043,'real','2021-08-31',30210,167.0);
INSERT INTO EELettura VALUES(283,112,'2021-08-31',30210,'real','2021-09-30',30414,204.0);
INSERT INTO EELettura VALUES(284,112,'2021-09-30',30414,'real','2021-10-31',30719,305.0);
INSERT INTO EELettura VALUES(285,113,'2021-10-31',30719,'real','2021-11-30',31063,344.0);
INSERT INTO EELettura VALUES(286,113,'2021-11-30',31063,'real','2021-12-31',31342,279.0);
INSERT INTO EELettura VALUES(287,114,'2021-12-31',31342,'real','2022-01-31',31707,365.0);
INSERT INTO EELettura VALUES(288,114,'2022-01-31',31707,'real','2022-02-28',31998,291.0);
INSERT INTO EELettura VALUES(289,115,'2022-02-28',31998,'real','2022-03-31',32313,315.0);
INSERT INTO EELettura VALUES(290,115,'2022-03-31',32313,'real','2022-04-30',32570,257.0);
INSERT INTO EELettura VALUES(327,132,'2022-04-30',32570,'real','2022-05-31',32818,248.0);
INSERT INTO EELettura VALUES(328,132,'2022-05-31',32818,'real','2022-06-30',33064,246.0);
INSERT INTO EELettura VALUES(329,133,'2022-06-30',0,'stim','2022-07-31',0,162.0);
INSERT INTO EELettura VALUES(330,133,'2022-07-31',0,'stim','2022-08-31',0,116.0);
INSERT INTO EELettura VALUES(331,134,'2022-06-30',33064,'real','2023-03-31',35506,2442.0);
INSERT INTO EELettura VALUES(332,134,'2023-03-31',35506,'real','2023-04-26',35784,278.0);
INSERT INTO EELettura VALUES(333,134,'2023-04-26',35784,'real','2023-04-30',35824,40.0);
INSERT INTO EELettura VALUES(334,135,'2022-08-31',0,'stim','2022-09-30',0,116.0);
INSERT INTO EELettura VALUES(335,135,'2022-09-30',0,'stim','2022-10-31',0,146.0);
CREATE TABLE GASLettura (
    idLettura    INTEGER PRIMARY KEY,
    idGASFattura INT                   NOT NULL,
    lettQtaMc    INT,
    LettData     DATE,
    TipoLett     VARCHAR (16),
    Consumofatt  FLOAT
);
INSERT INTO GASLettura VALUES(1,1,6629,'2019-05-22','eff',NULL);
INSERT INTO GASLettura VALUES(2,1,NULL,NULL,'stim',222.0);
INSERT INTO GASLettura VALUES(3,1,NULL,NULL,'tot',222.0);
INSERT INTO GASLettura VALUES(4,2,6629,'2019-05-22','eff',NULL);
INSERT INTO GASLettura VALUES(5,2,6936,'2019-12-18','eff',307.0);
INSERT INTO GASLettura VALUES(6,2,NULL,NULL,'stim',334.0);
INSERT INTO GASLettura VALUES(7,2,NULL,NULL,'tot',641.0);
INSERT INTO GASLettura VALUES(8,3,6936,'2019-12-18','eff',NULL);
INSERT INTO GASLettura VALUES(9,3,7383,'2020-02-24','eff',447.0);
INSERT INTO GASLettura VALUES(10,3,NULL,NULL,'stim',191.0);
INSERT INTO GASLettura VALUES(11,3,NULL,NULL,'tot',638.0);
INSERT INTO GASLettura VALUES(12,4,7383,'2020-02-24','eff',NULL);
INSERT INTO GASLettura VALUES(13,4,7642,'2020-05-21','eff',259.0);
INSERT INTO GASLettura VALUES(14,4,NULL,NULL,'stim',13.0);
INSERT INTO GASLettura VALUES(15,4,NULL,NULL,'tot',272.0);
INSERT INTO GASLettura VALUES(16,5,7642,'2020-05-21','eff',NULL);
INSERT INTO GASLettura VALUES(17,5,NULL,NULL,'stim',52.0);
INSERT INTO GASLettura VALUES(18,5,NULL,NULL,'tot',52.0);
INSERT INTO GASLettura VALUES(19,6,7642,'2020-05-21','eff',NULL);
INSERT INTO GASLettura VALUES(20,6,NULL,NULL,'stim',65.0);
INSERT INTO GASLettura VALUES(21,6,NULL,NULL,'tot',65.0);
INSERT INTO GASLettura VALUES(22,7,7642,'2020-05-21','eff',NULL);
INSERT INTO GASLettura VALUES(23,7,NULL,NULL,'stim',222.0);
INSERT INTO GASLettura VALUES(24,7,NULL,NULL,'tot',222.0);
INSERT INTO GASLettura VALUES(25,8,7642,'2020-05-21','eff',NULL);
INSERT INTO GASLettura VALUES(26,8,8017,'2020-12-21','eff',375.0);
INSERT INTO GASLettura VALUES(27,8,NULL,NULL,'stim',311.0);
INSERT INTO GASLettura VALUES(28,8,NULL,NULL,'tot',686.0);
INSERT INTO GASLettura VALUES(29,9,8017,'2020-12-21','eff',NULL);
INSERT INTO GASLettura VALUES(30,9,8497,'2021-02-19','eff',480.0);
INSERT INTO GASLettura VALUES(31,9,NULL,NULL,'stim',220.0);
INSERT INTO GASLettura VALUES(32,9,NULL,NULL,'tot',700.0);
INSERT INTO GASLettura VALUES(33,10,8497,'2021-02-19','eff',NULL);
INSERT INTO GASLettura VALUES(34,10,8712,'2021-04-08','eff',215.0);
INSERT INTO GASLettura VALUES(35,10,NULL,NULL,'stim',116.0);
INSERT INTO GASLettura VALUES(36,10,NULL,NULL,'tot',331.0);
INSERT INTO GASLettura VALUES(37,11,8712,'2021-04-08','eff',NULL);
INSERT INTO GASLettura VALUES(38,11,NULL,NULL,'stim',52.0);
INSERT INTO GASLettura VALUES(39,11,NULL,NULL,'tot',52.0);
INSERT INTO GASLettura VALUES(40,12,8712,'2021-04-08','eff',NULL);
INSERT INTO GASLettura VALUES(41,12,NULL,NULL,'stim',65.0);
INSERT INTO GASLettura VALUES(42,12,NULL,NULL,'tot',65.0);
INSERT INTO GASLettura VALUES(43,13,8712,'2021-04-08','eff',NULL);
INSERT INTO GASLettura VALUES(44,13,NULL,NULL,'stim',222.0);
INSERT INTO GASLettura VALUES(45,13,NULL,NULL,'tot',222.0);
INSERT INTO GASLettura VALUES(46,14,8712,'2021-04-08','eff',NULL);
INSERT INTO GASLettura VALUES(47,14,9157,'2021-12-17','eff',445.0);
INSERT INTO GASLettura VALUES(48,14,NULL,NULL,'stim',342.0);
INSERT INTO GASLettura VALUES(49,14,NULL,NULL,'tot',787.0);
INSERT INTO GASLettura VALUES(50,15,9157,'2021-12-17','eff',NULL);
INSERT INTO GASLettura VALUES(51,15,9626,'2022-02-16','eff',469.0);
INSERT INTO GASLettura VALUES(52,15,NULL,NULL,'stim',241.0);
INSERT INTO GASLettura VALUES(53,15,NULL,NULL,'tot',710.0);
INSERT INTO GASLettura VALUES(54,16,9626,'2022-02-16','eff',NULL);
INSERT INTO GASLettura VALUES(55,16,9905,'2022-04-28','eff',279.0);
INSERT INTO GASLettura VALUES(56,16,NULL,NULL,'stim',46.0);
INSERT INTO GASLettura VALUES(57,16,NULL,NULL,'tot',325.0);
INSERT INTO GASLettura VALUES(58,17,9905,'2022-04-28','eff',NULL);
INSERT INTO GASLettura VALUES(59,17,NULL,NULL,'stim',46.0);
INSERT INTO GASLettura VALUES(60,17,NULL,NULL,'tot',46.0);
INSERT INTO GASLettura VALUES(61,18,9905,'2022-04-28','eff',NULL);
INSERT INTO GASLettura VALUES(62,18,NULL,NULL,'stim',58.0);
INSERT INTO GASLettura VALUES(63,18,NULL,NULL,'tot',58.0);
INSERT INTO GASLettura VALUES(64,19,9905,'2022-04-28','eff',NULL);
INSERT INTO GASLettura VALUES(65,19,9998,'2022-11-23','eff',93.0);
INSERT INTO GASLettura VALUES(66,19,NULL,NULL,'stim',33.0);
INSERT INTO GASLettura VALUES(67,19,NULL,NULL,'tot',126.0);
INSERT INTO GASLettura VALUES(68,20,9998,'2022-11-23','eff',NULL);
INSERT INTO GASLettura VALUES(69,20,10321,'2023-01-26','eff',323.0);
INSERT INTO GASLettura VALUES(70,20,NULL,NULL,'stim',24.0);
INSERT INTO GASLettura VALUES(71,20,NULL,NULL,'tot',347.0);
INSERT INTO GASLettura VALUES(72,21,10321,'2023-01-26','eff',NULL);
INSERT INTO GASLettura VALUES(73,21,10551,'2023-03-23','auto',230.0);
INSERT INTO GASLettura VALUES(74,21,NULL,NULL,'stim',29.0);
INSERT INTO GASLettura VALUES(75,21,NULL,NULL,'tot',259.0);
INSERT INTO GASLettura VALUES(76,22,10551,'2023-03-23','auto',NULL);
INSERT INTO GASLettura VALUES(77,22,10610,'2023-05-03','eff',59.0);
INSERT INTO GASLettura VALUES(78,22,NULL,NULL,'stim',44.0);
INSERT INTO GASLettura VALUES(79,22,NULL,NULL,'tot',103.0);
INSERT INTO GASLettura VALUES(80,23,10610,'2023-05-03','eff',NULL);
INSERT INTO GASLettura VALUES(81,23,10638,'2023-07-04','eff',28.0);
INSERT INTO GASLettura VALUES(82,23,10644,'2023-07-31','auto',6.0);
INSERT INTO GASLettura VALUES(83,23,NULL,NULL,'stim',28.0);
INSERT INTO GASLettura VALUES(84,23,NULL,NULL,'tot',74.0);
INSERT INTO GASLettura VALUES(85,24,39819,'2020-05-20','eff',NULL);
INSERT INTO GASLettura VALUES(86,24,NULL,NULL,'stim',213.0);
INSERT INTO GASLettura VALUES(87,24,NULL,NULL,'tot',213.0);
INSERT INTO GASLettura VALUES(88,25,39819,'2020-05-20','eff',NULL);
INSERT INTO GASLettura VALUES(89,25,40212,'2020-12-15','eff',393.0);
INSERT INTO GASLettura VALUES(90,25,NULL,NULL,'stim',340.0);
INSERT INTO GASLettura VALUES(91,25,NULL,NULL,'tot',733.0);
INSERT INTO GASLettura VALUES(92,26,40212,'2020-12-15','eff',NULL);
INSERT INTO GASLettura VALUES(93,26,40781,'2021-02-22','eff',569.0);
INSERT INTO GASLettura VALUES(94,26,NULL,NULL,'stim',190.0);
INSERT INTO GASLettura VALUES(95,26,NULL,NULL,'tot',759.0);
INSERT INTO GASLettura VALUES(96,27,40781,'2021-02-22','eff',NULL);
INSERT INTO GASLettura VALUES(97,27,41047,'2021-04-14','eff',266.0);
INSERT INTO GASLettura VALUES(98,27,NULL,NULL,'stim',91.0);
INSERT INTO GASLettura VALUES(99,27,NULL,NULL,'tot',357.0);
INSERT INTO GASLettura VALUES(100,28,41047,'2021-04-14','eff',NULL);
INSERT INTO GASLettura VALUES(101,28,NULL,NULL,'stim',50.0);
INSERT INTO GASLettura VALUES(102,28,NULL,NULL,'tot',50.0);
INSERT INTO GASLettura VALUES(103,29,41047,'2021-04-14','eff',NULL);
INSERT INTO GASLettura VALUES(104,29,NULL,NULL,'stim',63.0);
INSERT INTO GASLettura VALUES(105,29,NULL,NULL,'tot',63.0);
INSERT INTO GASLettura VALUES(106,30,41047,'2021-04-14','eff',NULL);
INSERT INTO GASLettura VALUES(107,30,NULL,NULL,'stim',213.0);
INSERT INTO GASLettura VALUES(108,30,NULL,NULL,'tot',213.0);
INSERT INTO GASLettura VALUES(109,31,41047,'2021-04-14','eff',NULL);
INSERT INTO GASLettura VALUES(110,31,41618,'2021-12-13','eff',571.0);
INSERT INTO GASLettura VALUES(111,31,NULL,NULL,'stim',354.0);
INSERT INTO GASLettura VALUES(112,31,NULL,NULL,'tot',925.0);
INSERT INTO GASLettura VALUES(113,32,41618,'2021-12-13','eff',NULL);
INSERT INTO GASLettura VALUES(114,32,42274,'2022-02-22','eff',656.0);
INSERT INTO GASLettura VALUES(115,32,NULL,NULL,'stim',190.0);
INSERT INTO GASLettura VALUES(116,32,NULL,NULL,'tot',846.0);
INSERT INTO GASLettura VALUES(117,33,42274,'2022-02-22','eff',NULL);
INSERT INTO GASLettura VALUES(118,33,42705,'2022-04-22','eff',431.0);
INSERT INTO GASLettura VALUES(119,33,NULL,NULL,'stim',65.0);
INSERT INTO GASLettura VALUES(120,33,NULL,NULL,'tot',496.0);
INSERT INTO GASLettura VALUES(121,34,42705,'2022-04-22','eff',NULL);
INSERT INTO GASLettura VALUES(122,34,NULL,NULL,'stim',58.0);
INSERT INTO GASLettura VALUES(123,34,NULL,NULL,'tot',58.0);
INSERT INTO GASLettura VALUES(124,35,42705,'2022-04-22','eff',NULL);
INSERT INTO GASLettura VALUES(125,35,NULL,NULL,'stim',72.0);
INSERT INTO GASLettura VALUES(126,35,NULL,NULL,'tot',72.0);
INSERT INTO GASLettura VALUES(127,36,42705,'2022-04-22','eff',NULL);
INSERT INTO GASLettura VALUES(128,36,42854,'2022-11-14','eff',149.0);
INSERT INTO GASLettura VALUES(129,36,NULL,NULL,'stim',92.0);
INSERT INTO GASLettura VALUES(130,36,NULL,NULL,'tot',241.0);
INSERT INTO GASLettura VALUES(131,37,42854,'2022-11-14','eff',NULL);
INSERT INTO GASLettura VALUES(132,37,43403,'2023-01-31','eff',549.0);
INSERT INTO GASLettura VALUES(133,37,NULL,NULL,'tot',549.0);
INSERT INTO GASLettura VALUES(134,38,43403,'2023-01-31','eff',NULL);
INSERT INTO GASLettura VALUES(135,38,NULL,NULL,'stim',378.0);
INSERT INTO GASLettura VALUES(136,38,NULL,NULL,'tot',378.0);
INSERT INTO GASLettura VALUES(137,39,43403,'2023-01-31','eff',NULL);
INSERT INTO GASLettura VALUES(138,39,43885,'2023-05-04','eff',482.0);
INSERT INTO GASLettura VALUES(139,39,43899,'2023-05-15','auto',14.0);
INSERT INTO GASLettura VALUES(140,39,NULL,NULL,'tot',527.0);
CREATE TABLE H2OLettura (
    idLettura    INTEGER PRIMARY KEY,
    idH2OFattura INT                   NOT NULL,
    lettQtaMc    INT,
    LettData     DATE,
    TipoLett     VARCHAR (16),
    Consumofatt  FLOAT
);
INSERT INTO H2OLettura VALUES(1,1,1020,'2019-10-04','eff',NULL);
INSERT INTO H2OLettura VALUES(2,1,NULL,NULL,'stim',63.0);
INSERT INTO H2OLettura VALUES(3,1,NULL,NULL,'tot',63.0);
INSERT INTO H2OLettura VALUES(4,2,1020,'2019-10-04','eff',NULL);
INSERT INTO H2OLettura VALUES(5,2,1079,'2020-05-28','eff',59.0);
INSERT INTO H2OLettura VALUES(6,2,NULL,NULL,'stim',18.0);
INSERT INTO H2OLettura VALUES(7,2,NULL,NULL,'tot',77.0);
INSERT INTO H2OLettura VALUES(8,3,1079,'2020-05-28','eff',NULL);
INSERT INTO H2OLettura VALUES(9,3,1136,'2020-08-25','eff',57.0);
INSERT INTO H2OLettura VALUES(10,3,NULL,NULL,'stim',17.0);
INSERT INTO H2OLettura VALUES(11,3,NULL,NULL,'tot',74.0);
INSERT INTO H2OLettura VALUES(12,4,1136,'2020-08-25','eff',NULL);
INSERT INTO H2OLettura VALUES(13,4,1171,'2020-12-10','eff',35.0);
INSERT INTO H2OLettura VALUES(14,4,NULL,NULL,'stim',52.0);
INSERT INTO H2OLettura VALUES(15,4,NULL,NULL,'tot',87.0);
INSERT INTO H2OLettura VALUES(16,5,1171,'2020-12-10','eff',NULL);
INSERT INTO H2OLettura VALUES(17,5,1251,'2021-06-22','eff',80.0);
INSERT INTO H2OLettura VALUES(18,5,NULL,NULL,'stim',3.0);
INSERT INTO H2OLettura VALUES(19,5,NULL,NULL,'tot',83.0);
INSERT INTO H2OLettura VALUES(20,6,1251,'2021-06-22','eff',NULL);
INSERT INTO H2OLettura VALUES(21,6,1283,'2021-09-10','eff',32.0);
INSERT INTO H2OLettura VALUES(22,6,NULL,NULL,'stim',21.0);
INSERT INTO H2OLettura VALUES(23,6,NULL,NULL,'tot',53.0);
INSERT INTO H2OLettura VALUES(24,7,1283,'2021-09-10','eff',NULL);
INSERT INTO H2OLettura VALUES(25,7,1346,'2022-03-28','eff',63.0);
INSERT INTO H2OLettura VALUES(26,7,1398,'2022-07-11','eff',52.0);
INSERT INTO H2OLettura VALUES(27,7,NULL,NULL,'stim',8.0);
INSERT INTO H2OLettura VALUES(28,7,NULL,NULL,'tot',123.0);
INSERT INTO H2OLettura VALUES(29,8,1398,'2022-07-11','eff',NULL);
INSERT INTO H2OLettura VALUES(30,8,1426,'2022-10-10','eff',28.0);
INSERT INTO H2OLettura VALUES(31,8,NULL,NULL,'stim',19.0);
INSERT INTO H2OLettura VALUES(32,8,NULL,NULL,'tot',47.0);
INSERT INTO H2OLettura VALUES(33,9,1426,'2022-10-10','eff',NULL);
INSERT INTO H2OLettura VALUES(34,9,NULL,NULL,'stim',36.0);
INSERT INTO H2OLettura VALUES(35,9,NULL,NULL,'tot',36.0);
INSERT INTO H2OLettura VALUES(36,10,1426,'2022-10-10','eff',NULL);
INSERT INTO H2OLettura VALUES(37,10,NULL,NULL,'stim',36.0);
INSERT INTO H2OLettura VALUES(38,10,NULL,NULL,'tot',36.0);
INSERT INTO H2OLettura VALUES(39,11,4856,'2020-08-18','eff',NULL);
INSERT INTO H2OLettura VALUES(40,11,4871,'2020-11-30','eff',15.0);
INSERT INTO H2OLettura VALUES(41,11,NULL,NULL,'stim',14.0);
INSERT INTO H2OLettura VALUES(42,11,NULL,NULL,'tot',29.0);
INSERT INTO H2OLettura VALUES(43,12,4871,'2020-11-30','eff',NULL);
INSERT INTO H2OLettura VALUES(44,12,4894,'2021-04-16','eff',23.0);
INSERT INTO H2OLettura VALUES(45,12,NULL,NULL,'stim',3.0);
INSERT INTO H2OLettura VALUES(46,12,NULL,NULL,'tot',36.0);
INSERT INTO H2OLettura VALUES(47,13,NULL,NULL,'stim',8.0);
INSERT INTO H2OLettura VALUES(48,13,NULL,NULL,'tot',23.0);
INSERT INTO H2OLettura VALUES(49,14,NULL,NULL,'stim',12.0);
INSERT INTO H2OLettura VALUES(50,14,NULL,NULL,'tot',29.0);
INSERT INTO H2OLettura VALUES(51,15,NULL,NULL,'stim',4.0);
INSERT INTO H2OLettura VALUES(52,15,NULL,NULL,'tot',38.0);
INSERT INTO H2OLettura VALUES(53,16,NULL,NULL,'stim',9.0);
INSERT INTO H2OLettura VALUES(54,16,NULL,NULL,'tot',29.0);
INSERT INTO H2OLettura VALUES(55,17,NULL,NULL,'stim',27.0);
INSERT INTO H2OLettura VALUES(56,17,NULL,NULL,'tot',27.0);
INSERT INTO H2OLettura VALUES(57,18,NULL,NULL,'stim',5.0);
INSERT INTO H2OLettura VALUES(58,18,NULL,NULL,'tot',43.0);
CREATE TABLE Intesta (
    idIntesta   INTEGER PRIMARY KEY,
    NomeIntesta NVARCHAR (64),
    dirfatture  NVARCHAR (128)
);
INSERT INTO Intesta VALUES(1,'claudio','F:\Google Drive\SMichele\AASS');
INSERT INTO Intesta VALUES(2,'andrea','F:\varie\AASS\Andrea');
INSERT INTO Intesta VALUES(3,'alessandro','F:\varie\AASS\Alessandro');
CREATE TABLE prova (chiave INTEGER PRIMARY KEY NOT NULL, stringa TEXT, intero INTEGER, prezzo REAL, dataoggi TEXT, percento REAL, flottante REAL) STRICT;
INSERT INTO prova VALUES(1,NULL,21,12.3399999999999998,'23/07/1957',12.3000000000000007,3.14153400000000004);
INSERT INTO prova VALUES(2,'str2',22,23.5599999999999987,'12/11/1957',23.3999999999999985,2.71828182799999984);
INSERT INTO prova VALUES(3,'str3',23,45.7700000000000031,'22/09/1962',12.33,0.344299999999999994);
INSERT INTO prova VALUES(4,'str4',24,33.2100000000000008,'23/07/1957',12.3000000000000007,12.3445);
INSERT INTO prova VALUES(5,'str5',25,25.8500000000000014,'12/11/1957',23.3999999999999985,NULL);
INSERT INTO prova VALUES(6,'str6',26,27.5399999999999991,'22/09/1962',12.33,76.2146730000000047);
INSERT INTO prova VALUES(7,'str7',27,23.2199999999999988,'23/07/1957',12.3000000000000007,NULL);
INSERT INTO prova VALUES(8,'str8',28,21.1099999999999994,'23/07/1957',12.3000000000000007,NULL);
INSERT INTO prova VALUES(9,'str9',29,22.3299999999999982,'12/11/1957',23.3999999999999985,NULL);
INSERT INTO prova VALUES(10,'str10',30,22.6600000000000001,'22/09/1962',12.33,NULL);
CREATE TABLE H2OConsumo (idConsumo INTEGER PRIMARY KEY, idH2OFattura INT NOT NULL, tipoSpesa VARCHAR (4), dtIniz DATE, dtFine DATE, stimato INTEGER, prezzoUnit DECIMAL (10, 6), quantita DECIMAL (8, 2), importo MONEY);
INSERT INTO H2OConsumo VALUES(1,1,'S1','2019-11-01','2019-12-31',0,0.478418999999999983,12,5.74000000000000021);
INSERT INTO H2OConsumo VALUES(2,1,'S2','2019-11-01','2019-12-31',0,0.972157999999999966,12,11.6699999999999999);
INSERT INTO H2OConsumo VALUES(3,1,'S3','2019-11-01','2019-12-31',0,1.4945219999999999,8,11.959999999999999);
INSERT INTO H2OConsumo VALUES(4,1,'TA1','2019-11-01','2019-12-31',0,0.62736499999999995,12,7.52999999999999936);
INSERT INTO H2OConsumo VALUES(5,1,'TA2','2019-11-01','2019-12-31',0,0.62736499999999995,12,7.52999999999999936);
INSERT INTO H2OConsumo VALUES(6,1,'TA3','2019-11-01','2019-12-31',0,0.62736499999999995,8,5.02000000000000046);
INSERT INTO H2OConsumo VALUES(7,1,'F','2019-11-01','2019-12-31',0,0.00854800000000000004,61,0.520000000000000017);
INSERT INTO H2OConsumo VALUES(8,1,'S1','2020-01-01','2020-02-29',0,0.478418999999999983,12,5.74000000000000021);
INSERT INTO H2OConsumo VALUES(9,1,'S2','2020-01-01','2020-02-29',0,0.972157999999999966,12,11.6699999999999999);
INSERT INTO H2OConsumo VALUES(10,1,'S3','2020-01-01','2020-02-29',0,1.4945219999999999,7,10.459999999999999);
INSERT INTO H2OConsumo VALUES(11,1,'TA1','2020-01-01','2020-02-29',0,0.62736499999999995,12,7.52999999999999936);
INSERT INTO H2OConsumo VALUES(12,1,'TA2','2020-01-01','2020-02-29',0,0.62736499999999995,12,7.52999999999999936);
INSERT INTO H2OConsumo VALUES(13,1,'TA3','2020-01-01','2020-02-29',0,0.62736499999999995,7,4.38999999999999968);
INSERT INTO H2OConsumo VALUES(14,1,'F','2020-01-01','2020-02-29',0,0.00852499999999999959,60,0.510000000000000008);
INSERT INTO H2OConsumo VALUES(15,2,'S1','2019-10-05','2019-12-31',0,0.478418999999999983,17,8.129999999999999);
INSERT INTO H2OConsumo VALUES(16,2,'S2','2019-10-05','2019-12-31',0,0.972157999999999966,5,4.86000000000000032);
INSERT INTO H2OConsumo VALUES(17,2,'TA1','2019-10-05','2019-12-31',0,0.62736499999999995,17,10.6699999999999999);
INSERT INTO H2OConsumo VALUES(18,2,'TA2','2019-10-05','2019-12-31',0,0.62736499999999995,5,3.13999999999999968);
INSERT INTO H2OConsumo VALUES(19,2,'S1','2020-01-01','2020-05-28',0,0.478418999999999983,29,13.8699999999999992);
INSERT INTO H2OConsumo VALUES(20,2,'S2','2020-01-01','2020-05-28',0,0.972157999999999966,8,7.77999999999999936);
INSERT INTO H2OConsumo VALUES(21,2,'TA1','2020-01-01','2020-05-28',0,0.62736499999999995,29,18.1900000000000012);
INSERT INTO H2OConsumo VALUES(22,2,'TA2','2020-01-01','2020-05-28',0,0.62736499999999995,8,5.02000000000000046);
INSERT INTO H2OConsumo VALUES(23,2,'F','2020-03-01','2020-06-30',0,0.00852499999999999959,122,1.04000000000000003);
INSERT INTO H2OConsumo VALUES(24,2,'S1','2020-05-29','2020-06-30',0,0.478418999999999983,6,2.8700000000000001);
INSERT INTO H2OConsumo VALUES(25,2,'S2','2020-05-29','2020-06-30',0,0.972157999999999966,6,5.83000000000000007);
INSERT INTO H2OConsumo VALUES(26,2,'S3','2020-05-29','2020-06-30',0,1.4945219999999999,6,8.97000000000000064);
INSERT INTO H2OConsumo VALUES(27,2,'TA1','2020-05-29','2020-06-30',0,0.62736499999999995,6,3.76000000000000023);
INSERT INTO H2OConsumo VALUES(28,2,'TA2','2020-05-29','2020-06-30',0,0.62736499999999995,6,3.76000000000000023);
INSERT INTO H2OConsumo VALUES(29,2,'TA3','2020-05-29','2020-06-30',0,0.62736499999999995,6,3.76000000000000023);
INSERT INTO H2OConsumo VALUES(30,3,'S1','2020-05-29','2020-08-25',0,0.478418999999999983,18,8.60999999999999943);
INSERT INTO H2OConsumo VALUES(31,3,'S2','2020-05-29','2020-08-25',0,0.972157999999999966,18,17.5);
INSERT INTO H2OConsumo VALUES(32,3,'S3','2020-05-29','2020-08-25',0,1.4945219999999999,18,26.8999999999999985);
INSERT INTO H2OConsumo VALUES(33,3,'S4','2020-05-29','2020-08-25',0,2.1712880000000001,3,6.50999999999999978);
INSERT INTO H2OConsumo VALUES(34,3,'TA1','2020-05-29','2020-08-25',0,0.62736499999999995,18,11.2900000000000009);
INSERT INTO H2OConsumo VALUES(35,3,'TA2','2020-05-29','2020-08-25',0,0.62736499999999995,18,11.2900000000000009);
INSERT INTO H2OConsumo VALUES(36,3,'TA3','2020-05-29','2020-08-25',0,0.62736499999999995,18,11.2900000000000009);
INSERT INTO H2OConsumo VALUES(37,3,'TA4','2020-05-29','2020-08-25',0,0.62736499999999995,3,1.88000000000000011);
INSERT INTO H2OConsumo VALUES(38,3,'F','2020-07-01','2020-10-31',0,0.00852499999999999959,123,1.05000000000000004);
INSERT INTO H2OConsumo VALUES(39,3,'S1','2020-08-26','2020-10-31',0,0.478418999999999983,13,6.22000000000000064);
INSERT INTO H2OConsumo VALUES(40,3,'S2','2020-08-26','2020-10-31',0,0.972157999999999966,4,3.88999999999999968);
INSERT INTO H2OConsumo VALUES(41,3,'TA1','2020-08-26','2020-10-31',0,0.62736499999999995,13,8.16000000000000014);
INSERT INTO H2OConsumo VALUES(42,3,'TA2','2020-08-26','2020-10-31',0,0.62736499999999995,4,2.51000000000000023);
INSERT INTO H2OConsumo VALUES(43,4,'S1','2020-08-26','2020-12-10',0,0.478418999999999983,21,10.0500000000000007);
INSERT INTO H2OConsumo VALUES(44,4,'S2','2020-08-26','2020-12-10',0,0.972157999999999966,14,13.6099999999999994);
INSERT INTO H2OConsumo VALUES(45,4,'TA1','2020-08-26','2020-12-10',0,0.62736499999999995,21,13.1699999999999981);
INSERT INTO H2OConsumo VALUES(46,4,'TA2','2020-08-26','2020-12-10',0,0.62736499999999995,14,8.77999999999999936);
INSERT INTO H2OConsumo VALUES(47,4,'F','2020-11-01','2020-12-31',0,0.00852499999999999959,61,0.520000000000000017);
INSERT INTO H2OConsumo VALUES(48,4,'S1','2020-12-11','2020-12-31',0,0.478418999999999983,4,1.91000000000000014);
INSERT INTO H2OConsumo VALUES(49,4,'S2','2020-12-11','2020-12-31',0,0.972157999999999966,4,3.88999999999999968);
INSERT INTO H2OConsumo VALUES(50,4,'S3','2020-12-11','2020-12-31',0,1.4945219999999999,4,5.97999999999999953);
INSERT INTO H2OConsumo VALUES(51,4,'S4','2020-12-11','2020-12-31',0,2.1712880000000001,2,4.33999999999999985);
INSERT INTO H2OConsumo VALUES(52,4,'TA1','2020-12-11','2020-12-31',0,0.62736499999999995,4,2.51000000000000023);
INSERT INTO H2OConsumo VALUES(53,4,'TA2','2020-12-11','2020-12-31',0,0.62736499999999995,4,2.51000000000000023);
INSERT INTO H2OConsumo VALUES(54,4,'TA3','2020-12-11','2020-12-31',0,0.62736499999999995,4,2.51000000000000023);
INSERT INTO H2OConsumo VALUES(55,4,'TA4','2020-12-11','2020-12-31',0,0.62736499999999995,2,1.25);
INSERT INTO H2OConsumo VALUES(56,4,'S1','2021-01-01','2021-02-28',0,0.478418999999999983,12,5.74000000000000021);
INSERT INTO H2OConsumo VALUES(57,4,'S2','2021-01-01','2021-02-28',0,0.972157999999999966,12,11.6699999999999999);
INSERT INTO H2OConsumo VALUES(58,4,'S3','2021-01-01','2021-02-28',0,1.4945219999999999,12,17.9299999999999997);
INSERT INTO H2OConsumo VALUES(59,4,'S4','2021-01-01','2021-02-28',0,2.1712880000000001,2,4.33999999999999985);
INSERT INTO H2OConsumo VALUES(60,4,'TA1','2021-01-01','2021-02-28',0,0.62736499999999995,12,7.52999999999999936);
INSERT INTO H2OConsumo VALUES(61,4,'TA2','2021-01-01','2021-02-28',0,0.62736499999999995,12,7.52999999999999936);
INSERT INTO H2OConsumo VALUES(62,4,'TA3','2021-01-01','2021-02-28',0,0.62736499999999995,12,7.52999999999999936);
INSERT INTO H2OConsumo VALUES(63,4,'TA4','2021-01-01','2021-02-28',0,0.62736499999999995,2,1.25);
INSERT INTO H2OConsumo VALUES(64,4,'F','2021-01-01','2021-02-28',0,0.00854800000000000004,59,0.5);
INSERT INTO H2OConsumo VALUES(65,5,'S1','2020-12-11','2020-12-31',0,0.478418999999999983,4,1.91000000000000014);
INSERT INTO H2OConsumo VALUES(66,5,'S2','2020-12-11','2020-12-31',0,0.972157999999999966,4,3.88999999999999968);
INSERT INTO H2OConsumo VALUES(67,5,'S3','2020-12-11','2020-12-31',0,1.4945219999999999,1,1.48999999999999999);
INSERT INTO H2OConsumo VALUES(68,5,'TA1','2020-12-11','2020-12-31',0,0.62736499999999995,4,2.51000000000000023);
INSERT INTO H2OConsumo VALUES(69,5,'TA2','2020-12-11','2020-12-31',0,0.62736499999999995,4,2.51000000000000023);
INSERT INTO H2OConsumo VALUES(70,5,'TA3','2020-12-11','2020-12-31',0,0.62736499999999995,1,0.630000000000000004);
INSERT INTO H2OConsumo VALUES(71,5,'S1','2021-01-01','2021-06-22',0,0.478418999999999983,34,16.2699999999999995);
INSERT INTO H2OConsumo VALUES(72,5,'S2','2021-01-01','2021-06-22',0,0.972157999999999966,34,33.0499999999999971);
INSERT INTO H2OConsumo VALUES(73,5,'S3','2021-01-01','2021-06-22',0,1.4945219999999999,3,4.47999999999999953);
INSERT INTO H2OConsumo VALUES(74,5,'TA1','2021-01-01','2021-06-22',0,0.62736499999999995,34,21.3300000000000018);
INSERT INTO H2OConsumo VALUES(75,5,'TA2','2021-01-01','2021-06-22',0,0.62736499999999995,34,21.3300000000000018);
INSERT INTO H2OConsumo VALUES(76,5,'TA3','2021-01-01','2021-06-22',0,0.62736499999999995,3,1.88000000000000011);
INSERT INTO H2OConsumo VALUES(77,5,'F','2021-03-01','2021-06-30',0,0.00854800000000000004,122,1.04000000000000003);
INSERT INTO H2OConsumo VALUES(78,5,'S1','2021-06-23','2021-06-30',0,0.478418999999999983,2,0.959999999999999964);
INSERT INTO H2OConsumo VALUES(79,5,'S2','2021-06-23','2021-06-30',0,0.972157999999999966,1,0.969999999999999973);
INSERT INTO H2OConsumo VALUES(80,5,'TA1','2021-06-23','2021-06-30',0,0.62736499999999995,2,1.25);
INSERT INTO H2OConsumo VALUES(81,5,'TA2','2021-06-23','2021-06-30',0,0.62736499999999995,1,0.630000000000000004);
INSERT INTO H2OConsumo VALUES(82,6,'S1','2021-06-23','2021-09-10',0,0.478418999999999983,16,7.65000000000000035);
INSERT INTO H2OConsumo VALUES(83,6,'S2','2021-06-23','2021-09-10',0,0.972157999999999966,16,15.5500000000000007);
INSERT INTO H2OConsumo VALUES(84,6,'TA1','2021-06-23','2021-09-10',0,0.62736499999999995,16,10.0400000000000009);
INSERT INTO H2OConsumo VALUES(85,6,'TA2','2021-06-23','2021-09-10',0,0.62736499999999995,16,10.0400000000000009);
INSERT INTO H2OConsumo VALUES(86,6,'F','2021-07-01','2021-10-31',0,0.00854800000000000004,123,1.05000000000000004);
INSERT INTO H2OConsumo VALUES(87,6,'S1','2021-09-11','2021-10-31',0,0.478418999999999983,10,4.77999999999999936);
INSERT INTO H2OConsumo VALUES(88,6,'S2','2021-09-11','2021-10-31',0,0.972157999999999966,10,9.72000000000000064);
INSERT INTO H2OConsumo VALUES(89,6,'S3','2021-09-11','2021-10-31',0,1.4945219999999999,1,1.48999999999999999);
INSERT INTO H2OConsumo VALUES(90,6,'TA1','2021-09-11','2021-10-31',0,0.62736499999999995,10,6.27000000000000046);
INSERT INTO H2OConsumo VALUES(91,6,'TA2','2021-09-11','2021-10-31',0,0.62736499999999995,10,6.27000000000000046);
INSERT INTO H2OConsumo VALUES(92,6,'TA3','2021-09-11','2021-10-31',0,0.62736499999999995,1,0.630000000000000004);
INSERT INTO H2OConsumo VALUES(93,7,'S1','2021-09-11','2021-12-31',0,0.478418999999999983,22,10.5299999999999993);
INSERT INTO H2OConsumo VALUES(94,7,'S2','2021-09-11','2021-12-31',0,0.972157999999999966,13,12.6400000000000005);
INSERT INTO H2OConsumo VALUES(95,7,'TA1','2021-09-11','2021-12-31',0,0.62736499999999995,22,13.8000000000000007);
INSERT INTO H2OConsumo VALUES(96,7,'TA2','2021-09-11','2021-12-31',0,0.62736499999999995,13,8.16000000000000014);
INSERT INTO H2OConsumo VALUES(97,7,'S1','2022-01-01','2022-03-28',0,0.478418999999999983,17,8.129999999999999);
INSERT INTO H2OConsumo VALUES(98,7,'S2','2022-01-01','2022-03-28',0,0.972157999999999966,11,10.6900000000000012);
INSERT INTO H2OConsumo VALUES(99,7,'TA1','2022-01-01','2022-03-28',0,0.62736499999999995,17,10.6699999999999999);
INSERT INTO H2OConsumo VALUES(100,7,'TA2','2022-01-01','2022-03-28',0,0.62736499999999995,11,6.90000000000000035);
INSERT INTO H2OConsumo VALUES(101,7,'F','2022-03-01','2022-03-31',0,0.00854800000000000004,31,0.260000000000000008);
INSERT INTO H2OConsumo VALUES(102,7,'S1','2022-03-29','2022-03-31',0,0.478418999999999983,1,0.479999999999999982);
INSERT INTO H2OConsumo VALUES(103,7,'TA1','2022-03-29','2022-03-31',0,0.62736499999999995,1,0.630000000000000004);
INSERT INTO H2OConsumo VALUES(104,7,'S1','2022-04-01','2022-07-11',0,0.526260999999999978,20,10.5299999999999993);
INSERT INTO H2OConsumo VALUES(105,7,'S2','2022-04-01','2022-07-11',0,1.06937400000000004,20,21.3900000000000005);
INSERT INTO H2OConsumo VALUES(106,7,'S3','2022-04-01','2022-07-11',0,1.64397400000000004,11,18.0800000000000018);
INSERT INTO H2OConsumo VALUES(107,7,'TA1','2022-04-01','2022-07-11',0,0.909679000000000015,20,18.1900000000000012);
INSERT INTO H2OConsumo VALUES(108,7,'TA2','2022-04-01','2022-07-11',0,0.909679000000000015,20,18.1900000000000012);
INSERT INTO H2OConsumo VALUES(109,7,'TA3','2022-04-01','2022-07-11',0,0.909679000000000015,11,10.0099999999999997);
INSERT INTO H2OConsumo VALUES(110,7,'F','2022-04-01','2022-07-31',0,0.0110959999999999999,122,1.35000000000000008);
INSERT INTO H2OConsumo VALUES(111,7,'S1','2022-07-12','2022-07-31',0,0.526260999999999978,4,2.11000000000000031);
INSERT INTO H2OConsumo VALUES(112,7,'S2','2022-07-12','2022-07-31',0,1.06937400000000004,4,4.27999999999999936);
INSERT INTO H2OConsumo VALUES(113,7,'TA1','2022-07-12','2022-07-31',0,0.909679000000000015,4,3.63999999999999968);
INSERT INTO H2OConsumo VALUES(114,7,'TA2','2022-07-12','2022-07-31',0,0.909679000000000015,4,3.63999999999999968);
INSERT INTO H2OConsumo VALUES(115,8,'S1','2022-07-12','2022-10-10',0,0.526260999999999978,18,9.47000000000000064);
INSERT INTO H2OConsumo VALUES(116,8,'S2','2022-07-12','2022-10-10',0,1.06937400000000004,10,10.6900000000000012);
INSERT INTO H2OConsumo VALUES(117,8,'TA1','2022-07-12','2022-10-10',0,0.909679000000000015,18,16.3699999999999974);
INSERT INTO H2OConsumo VALUES(118,8,'TA2','2022-07-12','2022-10-10',0,0.909679000000000015,10,9.09999999999999964);
INSERT INTO H2OConsumo VALUES(119,8,'F','2022-08-01','2022-11-30',0,0.0110959999999999999,122,1.35000000000000008);
INSERT INTO H2OConsumo VALUES(120,8,'S1','2022-10-11','2022-11-30',1,0.526260999999999978,10,5.25999999999999978);
INSERT INTO H2OConsumo VALUES(121,8,'S2','2022-10-11','2022-11-30',1,1.06937400000000004,9,9.62000000000000099);
INSERT INTO H2OConsumo VALUES(122,8,'TA1','2022-10-11','2022-11-30',1,0.909679000000000015,10,9.09999999999999964);
INSERT INTO H2OConsumo VALUES(123,8,'TA2','2022-10-11','2022-11-30',1,0.909679000000000015,9,8.19000000000000127);
INSERT INTO H2OConsumo VALUES(124,9,'F','2022-12-01','2022-12-31',0,0.0110959999999999999,31,0.339999999999999968);
INSERT INTO H2OConsumo VALUES(125,9,'F','2023-01-01','2023-03-31',0,0.0110959999999999999,90,1);
INSERT INTO H2OConsumo VALUES(126,9,'S1','2022-12-01','2022-12-31',1,0.526260999999999978,6,3.16000000000000014);
INSERT INTO H2OConsumo VALUES(127,9,'S2','2022-12-01','2022-12-31',1,1.06937400000000004,3,3.20999999999999996);
INSERT INTO H2OConsumo VALUES(128,9,'TA1','2022-12-01','2022-12-31',1,0.909679000000000015,6,5.45999999999999996);
INSERT INTO H2OConsumo VALUES(129,9,'TA2','2022-12-01','2022-12-31',1,0.909679000000000015,3,2.72999999999999998);
INSERT INTO H2OConsumo VALUES(130,9,'S1','2023-01-01','2023-03-31',1,0.57410300000000003,18,10.33);
INSERT INTO H2OConsumo VALUES(131,9,'S2','2023-01-01','2023-03-31',1,1.16659000000000001,9,10.5);
INSERT INTO H2OConsumo VALUES(132,9,'TA1','2023-01-01','2023-03-31',1,0.909679000000000015,18,16.3699999999999974);
INSERT INTO H2OConsumo VALUES(133,9,'TA2','2023-01-01','2023-03-31',1,0.909679000000000015,9,8.19000000000000127);
INSERT INTO H2OConsumo VALUES(134,10,'F','2023-04-01','2023-07-31',0,0.0110959999999999999,122,1.35000000000000008);
INSERT INTO H2OConsumo VALUES(135,10,'S1','2023-04-01','2023-04-30',1,0.57410300000000003,6,3.43999999999999994);
INSERT INTO H2OConsumo VALUES(136,10,'S2','2023-04-01','2023-04-30',1,1.16659000000000001,3,3.5);
INSERT INTO H2OConsumo VALUES(137,10,'TA1','2023-04-01','2023-04-30',1,0.909679000000000015,6,5.45999999999999996);
INSERT INTO H2OConsumo VALUES(138,10,'TA2','2023-04-01','2023-04-30',1,0.909679000000000015,3,2.72999999999999998);
INSERT INTO H2OConsumo VALUES(139,10,'S1','2023-05-01','2023-05-31',1,0.57410300000000003,6,3.43999999999999994);
INSERT INTO H2OConsumo VALUES(140,10,'S2','2023-05-01','2023-05-31',1,1.16659000000000001,3,3.5);
INSERT INTO H2OConsumo VALUES(141,10,'TA1','2023-05-01','2023-05-31',1,0.909679000000000015,6,5.45999999999999996);
INSERT INTO H2OConsumo VALUES(142,10,'TA2','2023-05-01','2023-05-31',1,0.909679000000000015,3,2.72999999999999998);
INSERT INTO H2OConsumo VALUES(143,10,'S1','2023-06-01','2023-06-30',1,0.57410300000000003,6,3.43999999999999994);
INSERT INTO H2OConsumo VALUES(144,10,'S2','2023-06-01','2023-06-30',1,1.16659000000000001,3,3.5);
INSERT INTO H2OConsumo VALUES(145,10,'TA1','2023-06-01','2023-06-30',1,0.909679000000000015,6,5.45999999999999996);
INSERT INTO H2OConsumo VALUES(146,10,'TA2','2023-06-01','2023-06-30',1,0.909679000000000015,3,2.72999999999999998);
INSERT INTO H2OConsumo VALUES(147,10,'S1','2023-07-01','2023-07-31',1,0.57410300000000003,6,3.43999999999999994);
INSERT INTO H2OConsumo VALUES(148,10,'S2','2023-07-01','2023-07-31',1,1.16659000000000001,3,3.5);
INSERT INTO H2OConsumo VALUES(149,10,'TA1','2023-07-01','2023-07-31',1,0.909679000000000015,6,5.45999999999999996);
INSERT INTO H2OConsumo VALUES(150,10,'TA2','2023-07-01','2023-07-31',1,0.909679000000000015,3,2.72999999999999998);
INSERT INTO H2OConsumo VALUES(151,11,'S1','2020-08-19','2020-11-30',0,0.478418999999999983,15,7.17999999999999971);
INSERT INTO H2OConsumo VALUES(152,11,'TA1','2020-08-19','2020-11-30',0,0.62736499999999995,15,9.41000000000000014);
INSERT INTO H2OConsumo VALUES(153,11,'F','2020-11-01','2020-12-31',0,0.00852499999999999959,61,0.520000000000000017);
INSERT INTO H2OConsumo VALUES(154,11,'S1','2020-12-01','2020-12-31',0,0.478418999999999983,5,2.38999999999999968);
INSERT INTO H2OConsumo VALUES(155,11,'TA1','2020-12-01','2020-12-31',0,0.62736499999999995,5,3.13999999999999968);
INSERT INTO H2OConsumo VALUES(156,11,'S1','2021-01-01','2021-02-28',0,0.478418999999999983,9,4.31000000000000049);
INSERT INTO H2OConsumo VALUES(157,11,'TA1','2021-01-01','2021-02-28',0,0.62736499999999995,9,5.65000000000000035);
INSERT INTO H2OConsumo VALUES(158,11,'F','2021-01-01','2021-02-28',0,0.00854800000000000004,59,0.5);
INSERT INTO H2OConsumo VALUES(159,12,'S1','2020-12-01','2020-12-31',0,0.478418999999999983,5,2.38999999999999968);
INSERT INTO H2OConsumo VALUES(160,12,'TA1','2020-12-01','2020-12-31',0,0.62736499999999995,5,3.13999999999999968);
INSERT INTO H2OConsumo VALUES(161,12,'S1','2021-01-01','2021-04-16',0,0.478418999999999983,18,8.60999999999999943);
INSERT INTO H2OConsumo VALUES(162,12,'TA1','2021-01-01','2021-04-16',0,0.62736499999999995,18,11.2900000000000009);
INSERT INTO H2OConsumo VALUES(163,12,'F','2021-03-01','2021-06-30',0,0.00854800000000000004,122,1.04000000000000003);
INSERT INTO H2OConsumo VALUES(164,12,'S1','2021-04-17','2021-06-11',0,0.478418999999999983,10,4.77999999999999936);
INSERT INTO H2OConsumo VALUES(165,12,'TA1','2021-04-17','2021-06-11',0,0.62736499999999995,10,6.27000000000000046);
INSERT INTO H2OConsumo VALUES(166,12,'S1','2021-06-12','2021-06-30',0,0.478418999999999983,3,1.43999999999999994);
INSERT INTO H2OConsumo VALUES(167,12,'TA1','2021-06-12','2021-06-30',0,0.62736499999999995,3,1.88000000000000011);
INSERT INTO H2OConsumo VALUES(168,13,'S1','2021-06-12','2021-09-10',0,0.478418999999999983,15,7.17999999999999971);
INSERT INTO H2OConsumo VALUES(169,13,'TA1','2021-06-12','2021-09-10',0,0.62736499999999995,15,9.41000000000000014);
INSERT INTO H2OConsumo VALUES(170,13,'F','2021-07-01','2021-10-31',0,0.00854800000000000004,123,1.05000000000000004);
INSERT INTO H2OConsumo VALUES(171,13,'S1','2021-09-11','2021-10-31',0,0.478418999999999983,8,3.82999999999999962);
INSERT INTO H2OConsumo VALUES(172,13,'TA1','2021-09-11','2021-10-31',0,0.62736499999999995,8,5.02000000000000046);
INSERT INTO H2OConsumo VALUES(173,14,'S1','2021-09-11','2021-12-21',0,0.478418999999999983,17,8.129999999999999);
INSERT INTO H2OConsumo VALUES(174,14,'TA1','2021-09-11','2021-12-21',0,0.62736499999999995,17,10.6699999999999999);
INSERT INTO H2OConsumo VALUES(175,14,'F','2021-11-01','2021-12-31',0,0.00854800000000000004,61,0.520000000000000017);
INSERT INTO H2OConsumo VALUES(176,14,'S1','2021-12-22','2021-12-31',0,0.478418999999999983,2,0.959999999999999964);
INSERT INTO H2OConsumo VALUES(177,14,'TA1','2021-12-22','2021-12-31',0,0.62736499999999995,2,1.25);
INSERT INTO H2OConsumo VALUES(178,14,'S1','2022-01-01','2022-02-28',0,0.478418999999999983,10,4.77999999999999936);
INSERT INTO H2OConsumo VALUES(179,14,'TA1','2022-01-01','2022-02-28',0,0.62736499999999995,10,6.27000000000000046);
INSERT INTO H2OConsumo VALUES(180,14,'F','2022-01-01','2022-02-28',0,0.00854800000000000004,59,0.5);
INSERT INTO H2OConsumo VALUES(181,15,'S1','2021-12-22','2021-12-31',0,0.478418999999999983,2,0.959999999999999964);
INSERT INTO H2OConsumo VALUES(182,15,'TA1','2021-12-22','2021-12-31',0,0.62736499999999995,2,1.25);
INSERT INTO H2OConsumo VALUES(183,15,'S1','2022-01-01','2022-03-31',0,0.478418999999999983,16,7.65000000000000035);
INSERT INTO H2OConsumo VALUES(184,15,'TA1','2022-01-01','2022-03-31',0,0.62736499999999995,16,10.0400000000000009);
INSERT INTO H2OConsumo VALUES(185,15,'F','2022-03-01','2022-03-31',0,0.00854800000000000004,31,0.260000000000000008);
INSERT INTO H2OConsumo VALUES(186,15,'S1','2022-04-01','2022-04-19',0,0.526260999999999978,3,1.58000000000000007);
INSERT INTO H2OConsumo VALUES(187,15,'TA1','2022-04-01','2022-04-19',0,0.909679000000000015,3,2.72999999999999998);
INSERT INTO H2OConsumo VALUES(188,15,'F','2022-04-01','2022-07-31',0,0.0110959999999999999,122,1.35000000000000008);
INSERT INTO H2OConsumo VALUES(189,15,'S1','2022-04-20','2022-07-05',0,0.526260999999999978,13,6.84000000000000074);
INSERT INTO H2OConsumo VALUES(190,15,'TA1','2022-04-20','2022-07-05',0,0.909679000000000015,13,11.83);
INSERT INTO H2OConsumo VALUES(191,15,'S1','2022-07-06','2022-07-31',0,0.526260999999999978,4,2.11000000000000031);
INSERT INTO H2OConsumo VALUES(192,15,'TA1','2022-07-06','2022-07-31',0,0.909679000000000015,4,3.63999999999999968);
INSERT INTO H2OConsumo VALUES(193,16,'S1','2022-07-06','2022-10-05',0,0.526260999999999978,18,9.47000000000000064);
INSERT INTO H2OConsumo VALUES(194,16,'S2','2022-07-06','2022-10-05',0,1.06937400000000004,2,2.13999999999999968);
INSERT INTO H2OConsumo VALUES(195,16,'TA1','2022-07-06','2022-10-05',0,0.909679000000000015,18,16.3699999999999974);
INSERT INTO H2OConsumo VALUES(196,16,'TA2','2022-07-06','2022-10-05',0,0.909679000000000015,2,1.81999999999999984);
INSERT INTO H2OConsumo VALUES(197,16,'F','2022-08-01','2022-11-30',0,0.0110959999999999999,122,1.35000000000000008);
INSERT INTO H2OConsumo VALUES(198,16,'S1','2022-10-06','2022-11-30',1,0.526260999999999978,9,4.74000000000000021);
INSERT INTO H2OConsumo VALUES(199,16,'TA1','2022-10-06','2022-11-30',1,0.909679000000000015,9,8.19000000000000127);
INSERT INTO H2OConsumo VALUES(200,17,'F','2022-12-01','2022-12-31',0,0.0110959999999999999,31,0.339999999999999968);
INSERT INTO H2OConsumo VALUES(201,17,'F','2023-01-01','2023-03-31',0,0.0110959999999999999,90,1);
INSERT INTO H2OConsumo VALUES(202,17,'S1','2022-12-01','2022-12-31',1,0.526260999999999978,6,3.16000000000000014);
INSERT INTO H2OConsumo VALUES(203,17,'S2','2022-12-01','2022-12-31',1,1.06937400000000004,1,1.06999999999999984);
INSERT INTO H2OConsumo VALUES(204,17,'TA1','2022-12-01','2022-12-31',1,0.909679000000000015,6,5.45999999999999996);
INSERT INTO H2OConsumo VALUES(205,17,'TA2','2022-12-01','2022-12-31',1,0.909679000000000015,1,0.90999999999999992);
INSERT INTO H2OConsumo VALUES(206,17,'S1','2023-01-01','2023-03-31',1,0.57410300000000003,18,10.33);
INSERT INTO H2OConsumo VALUES(207,17,'S2','2023-01-01','2023-03-31',1,1.16659000000000001,2,2.33000000000000007);
INSERT INTO H2OConsumo VALUES(208,17,'TA1','2023-01-01','2023-03-31',1,0.909679000000000015,18,16.3699999999999974);
INSERT INTO H2OConsumo VALUES(209,17,'TA2','2023-01-01','2023-03-31',1,0.909679000000000015,2,1.81999999999999984);
INSERT INTO H2OConsumo VALUES(210,18,'S1','2022-10-06','2022-10-31',0,0.526260999999999978,4,2.11000000000000031);
INSERT INTO H2OConsumo VALUES(211,18,'TA1','2022-10-06','2022-10-31',0,0.909679000000000015,4,3.63999999999999968);
INSERT INTO H2OConsumo VALUES(212,18,'S1','2022-11-01','2022-11-30',0,0.526260999999999978,4,2.11000000000000031);
INSERT INTO H2OConsumo VALUES(213,18,'TA1','2022-11-01','2022-11-30',0,0.909679000000000015,4,3.63999999999999968);
INSERT INTO H2OConsumo VALUES(214,18,'S1','2022-12-01','2022-12-31',0,0.526260999999999978,4,2.11000000000000031);
INSERT INTO H2OConsumo VALUES(215,18,'TA1','2022-12-01','2022-12-31',0,0.909679000000000015,4,3.63999999999999968);
INSERT INTO H2OConsumo VALUES(216,18,'S1','2023-01-01','2023-01-31',0,0.57410300000000003,4,2.29999999999999982);
INSERT INTO H2OConsumo VALUES(217,18,'TA1','2023-01-01','2023-01-31',0,0.909679000000000015,4,3.63999999999999968);
INSERT INTO H2OConsumo VALUES(218,18,'S1','2023-02-01','2023-02-28',0,0.57410300000000003,4,2.29999999999999982);
INSERT INTO H2OConsumo VALUES(219,18,'TA1','2023-02-01','2023-02-28',0,0.909679000000000015,4,3.63999999999999968);
INSERT INTO H2OConsumo VALUES(220,18,'S1','2023-03-01','2023-03-31',0,0.57410300000000003,4,2.29999999999999982);
INSERT INTO H2OConsumo VALUES(221,18,'TA1','2023-03-01','2023-03-31',0,0.909679000000000015,4,3.63999999999999968);
INSERT INTO H2OConsumo VALUES(222,18,'S1','2023-04-01','2023-04-30',0,0.57410300000000003,4,2.29999999999999982);
INSERT INTO H2OConsumo VALUES(223,18,'TA1','2023-04-01','2023-04-30',0,0.909679000000000015,4,3.63999999999999968);
INSERT INTO H2OConsumo VALUES(224,18,'F','2023-04-01','2023-07-31',0,0.0110959999999999999,122,1.35000000000000008);
INSERT INTO H2OConsumo VALUES(225,18,'S1','2023-05-01','2023-05-31',0,0.57410300000000003,4,2.29999999999999982);
INSERT INTO H2OConsumo VALUES(226,18,'TA1','2023-05-01','2023-05-31',0,0.909679000000000015,4,3.63999999999999968);
INSERT INTO H2OConsumo VALUES(227,18,'S1','2023-06-01','2023-06-30',0,0.57410300000000003,5,2.8700000000000001);
INSERT INTO H2OConsumo VALUES(228,18,'TA1','2023-06-01','2023-06-30',0,0.909679000000000015,5,4.54999999999999982);
INSERT INTO H2OConsumo VALUES(229,18,'S1','2023-07-01','2023-07-10',0,0.57410300000000003,1,0.570000000000000062);
INSERT INTO H2OConsumo VALUES(230,18,'TA1','2023-07-01','2023-07-10',0,0.909679000000000015,1,0.90999999999999992);
INSERT INTO H2OConsumo VALUES(231,18,'S1','2023-07-11','2023-07-31',1,0.57410300000000003,4,2.29999999999999982);
INSERT INTO H2OConsumo VALUES(232,18,'S2','2023-07-11','2023-07-31',1,1.16659000000000001,1,1.16999999999999992);
INSERT INTO H2OConsumo VALUES(233,18,'TA1','2023-07-11','2023-07-31',1,0.909679000000000015,4,3.63999999999999968);
INSERT INTO H2OConsumo VALUES(234,18,'TA2','2023-07-11','2023-07-31',1,0.909679000000000015,1,0.90999999999999992);
CREATE TABLE GASConsumo (idConsumo INTEGER PRIMARY KEY, idGASFattura INT NOT NULL, tipoSpesa VARCHAR (4), dtIniz DATE, dtFine DATE, stimato INTEGER, prezzoUnit DECIMAL (10, 6), quantita DECIMAL (8, 2), importo MONEY);
INSERT INTO GASConsumo VALUES(1,1,'G1','2019-10-01','2019-11-30',0,0.47006500000000001,85,39.9600000000000008);
INSERT INTO GASConsumo VALUES(2,1,'G2','2019-10-01','2019-11-30',0,0.479372999999999993,137,65.6700000000000017);
INSERT INTO GASConsumo VALUES(3,2,'G1','2019-05-23','2019-12-18',0,0.47006500000000001,293,137.729999999999989);
INSERT INTO GASConsumo VALUES(4,2,'G2','2019-05-23','2019-12-18',0,0.479372999999999993,14,6.70999999999999907);
INSERT INTO GASConsumo VALUES(5,2,'G1','2019-12-19','2019-12-31',0,0.47006500000000001,18,8.45999999999999907);
INSERT INTO GASConsumo VALUES(6,2,'G2','2019-12-19','2019-12-31',0,0.479372999999999993,32,15.3399999999999998);
INSERT INTO GASConsumo VALUES(7,2,'G3','2019-12-19','2019-12-31',0,0.488771999999999984,49,23.9499999999999992);
INSERT INTO GASConsumo VALUES(8,2,'G1','2020-01-01','2020-01-31',0,0.47006500000000001,43,20.2100000000000008);
INSERT INTO GASConsumo VALUES(9,2,'G2','2020-01-01','2020-01-31',0,0.479372999999999993,75,35.9500000000000028);
INSERT INTO GASConsumo VALUES(10,2,'G3','2020-01-01','2020-01-31',0,0.488771999999999984,117,57.1899999999999977);
INSERT INTO GASConsumo VALUES(11,3,'G1','2019-12-19','2019-12-31',0,0.47006500000000001,18,8.45999999999999907);
INSERT INTO GASConsumo VALUES(12,3,'G2','2019-12-19','2019-12-31',0,0.479372999999999993,32,15.3399999999999998);
INSERT INTO GASConsumo VALUES(13,3,'G3','2019-12-19','2019-12-31',0,0.488771999999999984,35,17.1099999999999994);
INSERT INTO GASConsumo VALUES(14,3,'G1','2020-01-01','2020-02-24',0,0.47006500000000001,77,36.2000000000000028);
INSERT INTO GASConsumo VALUES(15,3,'G2','2020-01-01','2020-02-24',0,0.479372999999999993,134,64.2399999999999948);
INSERT INTO GASConsumo VALUES(16,3,'G3','2020-01-01','2020-02-24',0,0.488771999999999984,151,73.7999999999999971);
INSERT INTO GASConsumo VALUES(17,3,'G1','2020-02-25','2020-03-31',0,0.47006500000000001,50,23.5);
INSERT INTO GASConsumo VALUES(18,3,'G2','2020-02-25','2020-03-31',0,0.479372999999999993,88,42.1799999999999997);
INSERT INTO GASConsumo VALUES(19,3,'G3','2020-02-25','2020-03-31',0,0.488771999999999984,53,25.8999999999999985);
INSERT INTO GASConsumo VALUES(20,4,'G1','2020-02-25','2020-05-21',0,0.47006500000000001,121,56.8799999999999954);
INSERT INTO GASConsumo VALUES(21,4,'G2','2020-02-25','2020-05-21',0,0.479372999999999993,138,66.1500000000000056);
INSERT INTO GASConsumo VALUES(22,4,'G1','2020-05-22','2020-05-31',0,0.47006500000000001,13,6.11000000000000032);
INSERT INTO GASConsumo VALUES(23,5,'G1','2020-06-01','2020-07-31',0,0.47006500000000001,52,24.4400000000000012);
INSERT INTO GASConsumo VALUES(24,6,'G1','2020-08-01','2020-09-30',0,0.47006500000000001,65,30.5500000000000007);
INSERT INTO GASConsumo VALUES(25,7,'G1','2020-10-01','2020-11-30',0,0.47006500000000001,85,39.9600000000000008);
INSERT INTO GASConsumo VALUES(26,7,'G2','2020-10-01','2020-11-30',0,0.479372999999999993,137,65.6700000000000017);
INSERT INTO GASConsumo VALUES(27,8,'G1','2020-05-22','2020-12-21',0,0.47006500000000001,298,140.079999999999984);
INSERT INTO GASConsumo VALUES(28,8,'G2','2020-05-22','2020-12-21',0,0.479372999999999993,77,36.9100000000000036);
INSERT INTO GASConsumo VALUES(29,8,'G1','2020-12-22','2020-12-31',0,0.47006500000000001,14,6.58000000000000007);
INSERT INTO GASConsumo VALUES(30,8,'G2','2020-12-22','2020-12-31',0,0.479372999999999993,24,11.5);
INSERT INTO GASConsumo VALUES(31,8,'G3','2020-12-22','2020-12-31',0,0.488771999999999984,38,18.5700000000000002);
INSERT INTO GASConsumo VALUES(32,8,'G1','2021-01-01','2021-01-31',0,0.47006500000000001,43,20.2100000000000008);
INSERT INTO GASConsumo VALUES(33,8,'G2','2021-01-01','2021-01-31',0,0.479372999999999993,76,36.4299999999999997);
INSERT INTO GASConsumo VALUES(34,8,'G3','2021-01-01','2021-01-31',0,0.488771999999999984,116,56.7000000000000028);
INSERT INTO GASConsumo VALUES(35,9,'G1','2020-12-22','2020-12-31',0,0.47006500000000001,14,6.58000000000000007);
INSERT INTO GASConsumo VALUES(36,9,'G2','2020-12-22','2020-12-31',0,0.479372999999999993,24,11.5);
INSERT INTO GASConsumo VALUES(37,9,'G3','2020-12-22','2020-12-31',0,0.488771999999999984,42,20.5300000000000011);
INSERT INTO GASConsumo VALUES(38,9,'G1','2021-01-01','2021-02-19',0,0.47006500000000001,70,32.8999999999999985);
INSERT INTO GASConsumo VALUES(39,9,'G2','2021-01-01','2021-02-19',0,0.479372999999999993,122,58.4799999999999968);
INSERT INTO GASConsumo VALUES(40,9,'G3','2021-01-01','2021-02-19',0,0.488771999999999984,208,101.659999999999996);
INSERT INTO GASConsumo VALUES(41,9,'G1','2021-02-20','2021-03-31',0,0.47006500000000001,56,26.3200000000000002);
INSERT INTO GASConsumo VALUES(42,9,'G2','2021-02-20','2021-03-31',0,0.479372999999999993,98,46.9800000000000039);
INSERT INTO GASConsumo VALUES(43,9,'G3','2021-02-20','2021-03-31',0,0.488771999999999984,66,32.2600000000000051);
INSERT INTO GASConsumo VALUES(44,10,'G1','2021-02-20','2021-04-08',0,0.47006500000000001,67,31.4899999999999984);
INSERT INTO GASConsumo VALUES(45,10,'G2','2021-02-20','2021-04-08',0,0.479372999999999993,117,56.0899999999999963);
INSERT INTO GASConsumo VALUES(46,10,'G3','2021-02-20','2021-04-08',0,0.488771999999999984,31,15.1500000000000003);
INSERT INTO GASConsumo VALUES(47,10,'G1','2021-04-09','2021-05-31',0,0.47006500000000001,74,34.7800000000000011);
INSERT INTO GASConsumo VALUES(48,10,'G2','2021-04-09','2021-05-31',0,0.479372999999999993,42,20.1300000000000025);
INSERT INTO GASConsumo VALUES(49,11,'G1','2021-06-01','2021-07-31',0,0.47006500000000001,52,24.4400000000000012);
INSERT INTO GASConsumo VALUES(50,12,'G1','2021-08-01','2021-09-30',0,0.47006500000000001,65,30.5500000000000007);
INSERT INTO GASConsumo VALUES(51,13,'G1','2021-10-01','2021-11-30',0,0.47006500000000001,85,39.9600000000000008);
INSERT INTO GASConsumo VALUES(52,13,'G2','2021-10-01','2021-11-30',0,0.479372999999999993,137,65.6700000000000017);
INSERT INTO GASConsumo VALUES(53,14,'G1','2021-04-09','2021-12-17',0,0.47006500000000001,354,166.400000000000005);
INSERT INTO GASConsumo VALUES(54,14,'G2','2021-04-09','2021-12-17',0,0.479372999999999993,91,43.6199999999999974);
INSERT INTO GASConsumo VALUES(55,14,'G1','2021-12-18','2021-12-31',0,0.47006500000000001,20,9.40000000000000035);
INSERT INTO GASConsumo VALUES(56,14,'G2','2021-12-18','2021-12-31',0,0.479372999999999993,34,16.3000000000000007);
INSERT INTO GASConsumo VALUES(57,14,'G3','2021-12-18','2021-12-31',0,0.488771999999999984,53,25.8999999999999985);
INSERT INTO GASConsumo VALUES(58,14,'G1','2022-01-01','2022-01-31',0,0.611084999999999989,43,26.2800000000000011);
INSERT INTO GASConsumo VALUES(59,14,'G2','2022-01-01','2022-01-31',0,0.623184999999999989,76,47.3599999999999994);
INSERT INTO GASConsumo VALUES(60,14,'G3','2022-01-01','2022-01-31',0,0.635403999999999968,116,73.7100000000000079);
INSERT INTO GASConsumo VALUES(61,15,'G1','2021-12-18','2021-12-31',0,0.47006500000000001,20,9.40000000000000035);
INSERT INTO GASConsumo VALUES(62,15,'G2','2021-12-18','2021-12-31',0,0.479372999999999993,34,16.3000000000000007);
INSERT INTO GASConsumo VALUES(63,15,'G3','2021-12-18','2021-12-31',0,0.488771999999999984,54,26.389999999999997);
INSERT INTO GASConsumo VALUES(64,15,'G1','2022-01-01','2022-02-16',0,0.611084999999999989,66,40.3299999999999982);
INSERT INTO GASConsumo VALUES(65,15,'G2','2022-01-01','2022-02-16',0,0.623184999999999989,115,71.6700000000000017);
INSERT INTO GASConsumo VALUES(66,15,'G3','2022-01-01','2022-02-16',0,0.635403999999999968,180,114.370000000000004);
INSERT INTO GASConsumo VALUES(67,15,'G1','2022-02-17','2022-03-31',0,0.611084999999999989,60,36.6700000000000017);
INSERT INTO GASConsumo VALUES(68,15,'G2','2022-02-17','2022-03-31',0,0.623184999999999989,105,65.4299999999999926);
INSERT INTO GASConsumo VALUES(69,15,'G3','2022-02-17','2022-03-31',0,0.635403999999999968,76,48.2899999999999991);
INSERT INTO GASConsumo VALUES(70,16,'G1','2022-02-17','2022-04-28',0,0.611084999999999989,99,60.5);
INSERT INTO GASConsumo VALUES(71,16,'G2','2022-02-17','2022-04-28',0,0.623184999999999989,173,107.809999999999988);
INSERT INTO GASConsumo VALUES(72,16,'G3','2022-02-17','2022-04-28',0,0.635403999999999968,7,4.45000000000000017);
INSERT INTO GASConsumo VALUES(73,16,'G1','2022-04-29','2022-05-31',0,0.611084999999999989,46,28.1100000000000029);
INSERT INTO GASConsumo VALUES(74,17,'G1','2022-06-01','2022-06-30',0,0.611084999999999989,23,14.0500000000000007);
INSERT INTO GASConsumo VALUES(75,17,'G1','2022-07-01','2022-07-31',0,0.794409999999999949,23,18.2699999999999995);
INSERT INTO GASConsumo VALUES(76,18,'G1','2022-08-01','2022-09-30',0,0.794409999999999949,58,46.0799999999999982);
INSERT INTO GASConsumo VALUES(77,19,'G1','2022-04-29','2022-06-30',0,0.611084999999999989,28,17.1099999999999994);
INSERT INTO GASConsumo VALUES(78,19,'G1','2022-07-01','2022-11-23',0,0.794409999999999949,65,51.6400000000000005);
INSERT INTO GASConsumo VALUES(79,19,'G1','2022-11-24','2022-11-30',1,0.794409999999999949,10,7.94000000000000039);
INSERT INTO GASConsumo VALUES(80,19,'G2','2022-11-24','2022-11-30',1,0.810139999999999971,17,13.7699999999999995);
INSERT INTO GASConsumo VALUES(81,19,'G3','2022-11-24','2022-11-30',1,0.826025000000000009,6,4.95999999999999996);
INSERT INTO GASConsumo VALUES(82,20,'G1','2022-11-24','2022-12-31',0,0.794409999999999949,53,42.1000000000000014);
INSERT INTO GASConsumo VALUES(83,20,'G2','2022-11-24','2022-12-31',0,0.810139999999999971,93,75.3400000000000034);
INSERT INTO GASConsumo VALUES(84,20,'G3','2022-11-24','2022-12-31',0,0.826025000000000009,46,38);
INSERT INTO GASConsumo VALUES(85,20,'G1','2023-01-01','2023-01-26',0,0.794409999999999949,36,28.6000000000000014);
INSERT INTO GASConsumo VALUES(86,20,'G2','2023-01-01','2023-01-26',0,0.810139999999999971,63,51.0399999999999991);
INSERT INTO GASConsumo VALUES(87,20,'G3','2023-01-01','2023-01-26',0,0.826025000000000009,32,26.4299999999999997);
INSERT INTO GASConsumo VALUES(88,20,'G1','2023-01-27','2023-01-31',1,0.794409999999999949,7,5.56000000000000049);
INSERT INTO GASConsumo VALUES(89,20,'G2','2023-01-27','2023-01-31',1,0.810139999999999971,12,9.72000000000000064);
INSERT INTO GASConsumo VALUES(90,20,'G3','2023-01-27','2023-01-31',1,0.826025000000000009,5,4.12999999999999989);
INSERT INTO GASConsumo VALUES(91,21,'G1','2023-01-27','2023-03-23',0,0.794409999999999949,78,61.9600000000000008);
INSERT INTO GASConsumo VALUES(92,21,'G2','2023-01-27','2023-03-23',0,0.810139999999999971,137,110.990000000000009);
INSERT INTO GASConsumo VALUES(93,21,'G3','2023-01-27','2023-03-23',0,0.826025000000000009,15,12.3900000000000005);
INSERT INTO GASConsumo VALUES(94,21,'G1','2023-03-24','2023-03-31',1,0.794409999999999949,11,8.74000000000000021);
INSERT INTO GASConsumo VALUES(95,21,'G2','2023-03-24','2023-03-31',1,0.810139999999999971,18,14.5800000000000018);
INSERT INTO GASConsumo VALUES(96,22,'G1','2023-03-24','2023-03-31',0,0.794409999999999949,11,8.74000000000000021);
INSERT INTO GASConsumo VALUES(97,22,'G2','2023-03-24','2023-03-31',0,0.810139999999999971,1,0.809999999999999942);
INSERT INTO GASConsumo VALUES(98,22,'G1','2023-04-01','2023-04-30',0,0.479694000000000009,42,20.1499999999999985);
INSERT INTO GASConsumo VALUES(99,22,'G2','2023-04-01','2023-04-30',0,0.479694000000000009,1,0.479999999999999982);
INSERT INTO GASConsumo VALUES(100,22,'S1','2023-04-01','2023-04-30',0,0.186125000000000012,42,7.82000000000000028);
INSERT INTO GASConsumo VALUES(101,22,'S2','2023-04-01','2023-04-30',0,0.248165999999999997,1,0.25);
INSERT INTO GASConsumo VALUES(102,22,'G1','2023-05-01','2023-05-03',0,0.364547000000000009,4,1.45999999999999996);
INSERT INTO GASConsumo VALUES(103,22,'S1','2023-05-01','2023-05-03',0,0.186125000000000012,4,0.739999999999999991);
INSERT INTO GASConsumo VALUES(104,22,'G1','2023-05-04','2023-05-31',1,0.364547000000000009,21,7.65999999999999925);
INSERT INTO GASConsumo VALUES(105,22,'S1','2023-05-04','2023-05-31',1,0.186125000000000012,21,3.91000000000000014);
INSERT INTO GASConsumo VALUES(106,22,'G1','2023-06-01','2023-06-30',1,0.354598000000000024,23,8.16000000000000014);
INSERT INTO GASConsumo VALUES(107,22,'S1','2023-06-01','2023-06-30',1,0.186125000000000012,23,4.27999999999999936);
INSERT INTO GASConsumo VALUES(108,23,'G1','2023-05-04','2023-05-31',0,0.364547000000000009,13,4.74000000000000021);
INSERT INTO GASConsumo VALUES(109,23,'S1','2023-05-04','2023-05-31',0,0.186125000000000012,13,2.41999999999999992);
INSERT INTO GASConsumo VALUES(110,23,'G1','2023-06-01','2023-06-30',0,0.354598000000000024,14,4.95999999999999996);
INSERT INTO GASConsumo VALUES(111,23,'S1','2023-06-01','2023-06-30',0,0.186125000000000012,14,2.61000000000000031);
INSERT INTO GASConsumo VALUES(112,23,'G1','2023-07-01','2023-07-04',0,0.336177999999999976,1,0.339999999999999968);
INSERT INTO GASConsumo VALUES(113,23,'S1','2023-07-01','2023-07-04',0,0.186125000000000012,1,0.190000000000000002);
INSERT INTO GASConsumo VALUES(114,23,'G1','2023-07-05','2023-07-31',0,0.336177999999999976,6,2.02000000000000001);
INSERT INTO GASConsumo VALUES(115,23,'S1','2023-07-05','2023-07-31',0,0.186125000000000012,6,1.11999999999999988);
INSERT INTO GASConsumo VALUES(116,23,'G1','2023-08-01','2023-08-31',0,0.355331000000000007,12,4.25999999999999978);
INSERT INTO GASConsumo VALUES(117,23,'S1','2023-08-01','2023-08-31',0,0.186125000000000012,12,2.22999999999999998);
INSERT INTO GASConsumo VALUES(118,23,'G1','2023-09-01','2023-09-30',1,0.396386000000000016,28,11.0999999999999996);
INSERT INTO GASConsumo VALUES(119,23,'S1','2023-09-01','2023-09-30',1,0.186125000000000012,28,5.20999999999999996);
INSERT INTO GASConsumo VALUES(120,24,'G1','2020-10-01','2020-11-30',0,0.47006500000000001,85,39.9600000000000008);
INSERT INTO GASConsumo VALUES(121,24,'G2','2020-10-01','2020-11-30',0,0.479372999999999993,128,61.3599999999999994);
INSERT INTO GASConsumo VALUES(122,25,'G1','2020-05-21','2020-12-15',0,0.47006500000000001,291,136.79000000000002);
INSERT INTO GASConsumo VALUES(123,25,'G2','2020-05-21','2020-12-15',0,0.479372999999999993,102,48.8999999999999985);
INSERT INTO GASConsumo VALUES(124,25,'G1','2020-12-16','2020-12-31',0,0.47006500000000001,22,10.3399999999999998);
INSERT INTO GASConsumo VALUES(125,25,'G2','2020-12-16','2020-12-31',0,0.479372999999999993,39,18.6999999999999992);
INSERT INTO GASConsumo VALUES(126,25,'G3','2020-12-16','2020-12-31',0,0.488771999999999984,54,26.389999999999997);
INSERT INTO GASConsumo VALUES(127,25,'G1','2021-01-01','2021-01-31',0,0.47006500000000001,43,20.2100000000000008);
INSERT INTO GASConsumo VALUES(128,25,'G2','2021-01-01','2021-01-31',0,0.479372999999999993,76,36.4299999999999997);
INSERT INTO GASConsumo VALUES(129,25,'G3','2021-01-01','2021-01-31',0,0.488771999999999984,106,51.8100000000000022);
INSERT INTO GASConsumo VALUES(130,26,'G1','2020-12-16','2020-12-31',0,0.47006500000000001,22,10.3399999999999998);
INSERT INTO GASConsumo VALUES(131,26,'G2','2020-12-16','2020-12-31',0,0.479372999999999993,39,18.6999999999999992);
INSERT INTO GASConsumo VALUES(132,26,'G3','2020-12-16','2020-12-31',0,0.488771999999999984,71,34.7000000000000028);
INSERT INTO GASConsumo VALUES(133,26,'G1','2021-01-01','2021-02-22',0,0.47006500000000001,74,34.7800000000000011);
INSERT INTO GASConsumo VALUES(134,26,'G2','2021-01-01','2021-02-22',0,0.479372999999999993,129,61.8399999999999963);
INSERT INTO GASConsumo VALUES(135,26,'G3','2021-01-01','2021-02-22',0,0.488771999999999984,234,114.370000000000004);
INSERT INTO GASConsumo VALUES(136,26,'G1','2021-02-23','2021-03-31',0,0.47006500000000001,52,24.4400000000000012);
INSERT INTO GASConsumo VALUES(137,26,'G2','2021-02-23','2021-03-31',0,0.479372999999999993,90,43.1400000000000005);
INSERT INTO GASConsumo VALUES(138,26,'G3','2021-02-23','2021-03-31',0,0.488771999999999984,48,23.4600000000000008);
INSERT INTO GASConsumo VALUES(139,27,'G1','2021-02-23','2021-04-14',0,0.47006500000000001,71,33.3699999999999974);
INSERT INTO GASConsumo VALUES(140,27,'G2','2021-02-23','2021-04-14',0,0.479372999999999993,124,59.4399999999999977);
INSERT INTO GASConsumo VALUES(141,27,'G3','2021-02-23','2021-04-14',0,0.488771999999999984,71,34.7000000000000028);
INSERT INTO GASConsumo VALUES(142,27,'G1','2021-04-15','2021-05-31',0,0.47006500000000001,66,31.0199999999999995);
INSERT INTO GASConsumo VALUES(143,27,'G2','2021-04-15','2021-05-31',0,0.479372999999999993,25,11.9800000000000004);
INSERT INTO GASConsumo VALUES(144,28,'G1','2021-06-01','2021-07-31',0,0.47006500000000001,50,23.5);
INSERT INTO GASConsumo VALUES(145,29,'G1','2021-08-01','2021-09-30',0,0.47006500000000001,63,29.6100000000000029);
INSERT INTO GASConsumo VALUES(146,30,'G1','2021-10-01','2021-11-30',0,0.47006500000000001,85,39.9600000000000008);
INSERT INTO GASConsumo VALUES(147,30,'G2','2021-10-01','2021-11-30',0,0.479372999999999993,128,61.3599999999999994);
INSERT INTO GASConsumo VALUES(148,31,'G1','2021-04-15','2021-12-13',0,0.47006500000000001,340,159.819999999999993);
INSERT INTO GASConsumo VALUES(149,31,'G2','2021-04-15','2021-12-13',0,0.479372999999999993,231,110.740000000000009);
INSERT INTO GASConsumo VALUES(150,31,'G1','2021-12-14','2021-12-31',0,0.47006500000000001,25,11.75);
INSERT INTO GASConsumo VALUES(151,31,'G2','2021-12-14','2021-12-31',0,0.479372999999999993,44,21.0899999999999998);
INSERT INTO GASConsumo VALUES(152,31,'G3','2021-12-14','2021-12-31',0,0.488771999999999984,60,29.3300000000000018);
INSERT INTO GASConsumo VALUES(153,31,'G1','2022-01-01','2022-01-31',0,0.611084999999999989,43,26.2800000000000011);
INSERT INTO GASConsumo VALUES(154,31,'G2','2022-01-01','2022-01-31',0,0.623184999999999989,76,47.3599999999999994);
INSERT INTO GASConsumo VALUES(155,31,'G3','2022-01-01','2022-01-31',0,0.635403999999999968,106,67.3499999999999943);
INSERT INTO GASConsumo VALUES(156,32,'G1','2021-12-14','2021-12-31',0,0.47006500000000001,25,11.75);
INSERT INTO GASConsumo VALUES(157,32,'G2','2021-12-14','2021-12-31',0,0.479372999999999993,44,21.0899999999999998);
INSERT INTO GASConsumo VALUES(158,32,'G3','2021-12-14','2021-12-31',0,0.488771999999999984,97,47.4100000000000036);
INSERT INTO GASConsumo VALUES(159,32,'G1','2022-01-01','2022-02-22',0,0.611084999999999989,74,45.2199999999999988);
INSERT INTO GASConsumo VALUES(160,32,'G2','2022-01-01','2022-02-22',0,0.623184999999999989,129,80.3900000000000005);
INSERT INTO GASConsumo VALUES(161,32,'G3','2022-01-01','2022-02-22',0,0.635403999999999968,287,182.359999999999985);
INSERT INTO GASConsumo VALUES(162,32,'G1','2022-02-23','2022-03-31',0,0.611084999999999989,52,31.7800000000000011);
INSERT INTO GASConsumo VALUES(163,32,'G2','2022-02-23','2022-03-31',0,0.623184999999999989,90,56.0899999999999963);
INSERT INTO GASConsumo VALUES(164,32,'G3','2022-02-23','2022-03-31',0,0.635403999999999968,48,30.5);
INSERT INTO GASConsumo VALUES(165,33,'G1','2022-02-23','2022-04-22',0,0.611084999999999989,82,50.1099999999999994);
INSERT INTO GASConsumo VALUES(166,33,'G2','2022-02-23','2022-04-22',0,0.623184999999999989,144,89.7399999999999948);
INSERT INTO GASConsumo VALUES(167,33,'G3','2022-02-23','2022-04-22',0,0.635403999999999968,205,130.25999999999999);
INSERT INTO GASConsumo VALUES(168,33,'G1','2022-04-23','2022-05-31',0,0.611084999999999989,54,33);
INSERT INTO GASConsumo VALUES(169,33,'G2','2022-04-23','2022-05-31',0,0.623184999999999989,11,6.85999999999999943);
INSERT INTO GASConsumo VALUES(170,34,'G1','2022-06-01','2022-06-30',0,0.611084999999999989,29,17.7199999999999988);
INSERT INTO GASConsumo VALUES(171,34,'G1','2022-07-01','2022-07-31',0,0.794409999999999949,29,23.0399999999999991);
INSERT INTO GASConsumo VALUES(172,35,'G1','2022-08-01','2022-09-30',0,0.794409999999999949,72,57.2000000000000028);
INSERT INTO GASConsumo VALUES(173,36,'G1','2022-04-23','2022-06-30',0,0.611084999999999989,50,30.5500000000000007);
INSERT INTO GASConsumo VALUES(174,36,'G1','2022-07-01','2022-11-14',0,0.794409999999999949,99,78.6500000000000056);
INSERT INTO GASConsumo VALUES(175,36,'G1','2022-11-15','2022-11-30',1,0.794409999999999949,22,17.4800000000000004);
INSERT INTO GASConsumo VALUES(176,36,'G2','2022-11-15','2022-11-30',1,0.810139999999999971,39,31.6000000000000014);
INSERT INTO GASConsumo VALUES(177,36,'G3','2022-11-15','2022-11-30',1,0.826025000000000009,31,25.6100000000000029);
INSERT INTO GASConsumo VALUES(178,37,'G1','2022-11-15','2022-12-31',0,0.794409999999999949,66,52.4299999999999926);
INSERT INTO GASConsumo VALUES(179,37,'G2','2022-11-15','2022-12-31',0,0.810139999999999971,115,93.1700000000000017);
INSERT INTO GASConsumo VALUES(180,37,'G3','2022-11-15','2022-12-31',0,0.826025000000000009,150,123.900000000000005);
INSERT INTO GASConsumo VALUES(181,37,'G1','2023-01-01','2023-01-31',0,0.794409999999999949,43,34.1600000000000036);
INSERT INTO GASConsumo VALUES(182,37,'G2','2023-01-01','2023-01-31',0,0.810139999999999971,76,61.5700000000000073);
INSERT INTO GASConsumo VALUES(183,37,'G3','2023-01-01','2023-01-31',0,0.826025000000000009,99,81.7800000000000011);
INSERT INTO GASConsumo VALUES(184,38,'G1','2023-02-01','2023-03-31',1,0.794409999999999949,82,65.1400000000000005);
INSERT INTO GASConsumo VALUES(185,38,'G2','2023-02-01','2023-03-31',1,0.810139999999999971,144,116.659999999999996);
INSERT INTO GASConsumo VALUES(186,38,'G3','2023-02-01','2023-03-31',1,0.826025000000000009,152,125.559999999999988);
INSERT INTO GASConsumo VALUES(187,39,'G1','2023-02-01','2023-02-28',0,0.794409999999999949,39,30.9800000000000004);
INSERT INTO GASConsumo VALUES(188,39,'G2','2023-02-01','2023-02-28',0,0.810139999999999971,68,55.0899999999999963);
INSERT INTO GASConsumo VALUES(189,39,'G3','2023-02-01','2023-02-28',0,0.826025000000000009,38,31.389999999999997);
INSERT INTO GASConsumo VALUES(190,39,'G1','2023-03-01','2023-03-31',0,0.794409999999999949,43,34.1600000000000036);
INSERT INTO GASConsumo VALUES(191,39,'G2','2023-03-01','2023-03-31',0,0.810139999999999971,76,61.5700000000000073);
INSERT INTO GASConsumo VALUES(192,39,'G3','2023-03-01','2023-03-31',0,0.826025000000000009,42,34.6899999999999977);
INSERT INTO GASConsumo VALUES(193,39,'G1','2023-04-01','2023-04-30',0,0.479694000000000009,42,20.1499999999999985);
INSERT INTO GASConsumo VALUES(194,39,'G2','2023-04-01','2023-04-30',0,0.479694000000000009,73,35.019999999999996);
INSERT INTO GASConsumo VALUES(195,39,'G3','2023-04-01','2023-04-30',0,0.479694000000000009,40,19.1900000000000012);
INSERT INTO GASConsumo VALUES(196,39,'S1','2023-04-01','2023-04-30',0,0.186125000000000012,42,7.82000000000000028);
INSERT INTO GASConsumo VALUES(197,39,'S2','2023-04-01','2023-04-30',0,0.248165999999999997,73,18.1199999999999974);
INSERT INTO GASConsumo VALUES(198,39,'S3','2023-04-01','2023-04-30',0,0.372250000000000025,40,14.8900000000000005);
INSERT INTO GASConsumo VALUES(199,39,'G1','2023-05-01','2023-05-04',0,0.364547000000000009,6,2.18999999999999994);
INSERT INTO GASConsumo VALUES(200,39,'G2','2023-05-01','2023-05-04',0,0.364547000000000009,10,3.64999999999999991);
INSERT INTO GASConsumo VALUES(201,39,'G3','2023-05-01','2023-05-04',0,0.364547000000000009,5,1.81999999999999984);
INSERT INTO GASConsumo VALUES(202,39,'S1','2023-05-01','2023-05-04',0,0.186125000000000012,6,1.11999999999999988);
INSERT INTO GASConsumo VALUES(203,39,'S2','2023-05-01','2023-05-04',0,0.248165999999999997,10,2.47999999999999998);
INSERT INTO GASConsumo VALUES(204,39,'S3','2023-05-01','2023-05-04',0,0.372250000000000025,5,1.86000000000000009);
INSERT INTO GASConsumo VALUES(205,39,'G1','2023-05-05','2023-05-15',0,0.364547000000000009,14,5.09999999999999964);
INSERT INTO GASConsumo VALUES(206,39,'S1','2023-05-05','2023-05-15',0,0.186125000000000012,14,2.61000000000000031);
INSERT INTO GASConsumo VALUES(207,39,'G1','2023-05-16','2023-05-31',0,0.364547000000000009,11,4.00999999999999978);
INSERT INTO GASConsumo VALUES(208,39,'S1','2023-05-16','2023-05-31',0,0.186125000000000012,11,2.04999999999999982);
INSERT INTO GASConsumo VALUES(209,39,'G1','2023-06-01','2023-06-30',0,0.354598000000000024,20,7.09000000000000074);
INSERT INTO GASConsumo VALUES(210,39,'S1','2023-06-01','2023-06-30',0,0.186125000000000012,20,3.72000000000000019);
CREATE TABLE EEConsumo (idEEConsumo INTEGER PRIMARY KEY, idEEFattura INT NOT NULL, tipoSpesa TEXT (2), dtIniz DATE, dtFine DATE, stimato INTEGER, prezzoUnit DECIMAL (10, 6), quantita DECIMAL (8, 2), importo DECIMAL (8, 2));
INSERT INTO EEConsumo VALUES(318,36,'P','2022-12-01','2022-12-31',0,0.896909999999999985,139,4.04000000000000003);
INSERT INTO EEConsumo VALUES(319,37,'P','2023-02-01','2023-02-28',0,0.810112999999999971,82,3.64999999999999991);
INSERT INTO EEConsumo VALUES(320,38,'PU','2023-05-01','2023-05-31',0,0.105730000000000004,204,21.5700000000000002);
INSERT INTO EEConsumo VALUES(321,38,'PU','2023-05-01','2023-05-31',0,0.105730000000000004,111,11.7400000000000002);
INSERT INTO EEConsumo VALUES(322,38,'S1','2023-05-01','2023-05-31',0,0.0101759999999999992,204,2.08000000000000007);
INSERT INTO EEConsumo VALUES(323,38,'S2','2023-05-01','2023-05-31',0,0.0305279999999999995,111,3.38999999999999968);
INSERT INTO EEConsumo VALUES(324,38,'P','2023-05-01','2023-05-31',0,0.896909999999999985,4.5,4.04000000000000003);
INSERT INTO EEConsumo VALUES(325,38,'R','2023-05-01','2023-05-31',0,0.059130000000000002,315,18.6300000000000025);
INSERT INTO EEConsumo VALUES(326,38,'PU','2023-06-01','2023-06-30',0,0.105340000000000003,142,14.959999999999999);
INSERT INTO EEConsumo VALUES(327,38,'S1','2023-06-01','2023-06-30',0,0.0101759999999999992,142,1.43999999999999994);
INSERT INTO EEConsumo VALUES(328,38,'P','2023-06-01','2023-06-30',0,0.867978000000000027,4.5,3.91000000000000014);
INSERT INTO EEConsumo VALUES(329,38,'R','2023-06-01','2023-06-30',0,0.059130000000000002,142,8.40000000000000035);
INSERT INTO EEConsumo VALUES(581,70,'E1','2019-09-01','2019-09-30',0,0.0894500000000000017,158,14.1300000000000007);
INSERT INTO EEConsumo VALUES(582,70,'E2','2019-09-01','2019-09-30',0,0.189510000000000011,111,21.0399999999999991);
INSERT INTO EEConsumo VALUES(583,70,'P','2019-09-01','2019-09-30',0,0.867978000000000027,4.5,3.91000000000000014);
INSERT INTO EEConsumo VALUES(584,70,'R','2019-09-01','2019-09-30',0,0.059130000000000002,269,15.9100000000000001);
INSERT INTO EEConsumo VALUES(585,70,'E1','2019-10-01','2019-10-31',0,0.0894500000000000017,163,14.5800000000000018);
INSERT INTO EEConsumo VALUES(586,70,'E2','2019-10-01','2019-10-31',0,0.189510000000000011,106,20.0899999999999998);
INSERT INTO EEConsumo VALUES(587,70,'P','2019-10-01','2019-10-31',0,0.896909999999999985,4.5,4.04000000000000003);
INSERT INTO EEConsumo VALUES(588,70,'R','2019-10-01','2019-10-31',0,0.059130000000000002,226,13.3599999999999994);
INSERT INTO EEConsumo VALUES(589,71,'E1','2019-11-01','2019-11-30',0,0.0894500000000000017,158,14.1300000000000007);
INSERT INTO EEConsumo VALUES(590,71,'E2','2019-11-01','2019-11-30',0,0.189510000000000011,124,23.5);
INSERT INTO EEConsumo VALUES(591,71,'P','2019-11-01','2019-11-30',0,0.867978000000000027,4.5,3.91000000000000014);
INSERT INTO EEConsumo VALUES(592,71,'R','2019-11-01','2019-11-30',0,0.059130000000000002,282,16.6699999999999981);
INSERT INTO EEConsumo VALUES(593,71,'E1','2019-12-01','2019-12-31',0,0.0894500000000000017,163,14.5800000000000018);
INSERT INTO EEConsumo VALUES(594,71,'E2','2019-12-01','2019-12-31',0,0.189510000000000011,154,29.1799999999999997);
INSERT INTO EEConsumo VALUES(595,71,'P','2019-12-01','2019-12-31',0,0.896909999999999985,4.5,4.04000000000000003);
INSERT INTO EEConsumo VALUES(596,71,'R','2019-12-01','2019-12-31',0,0.059130000000000002,213,12.5899999999999998);
INSERT INTO EEConsumo VALUES(597,72,'E1','2020-01-01','2020-01-31',0,0.0894500000000000017,163,14.5800000000000018);
INSERT INTO EEConsumo VALUES(598,72,'E2','2020-01-01','2020-01-31',0,0.189510000000000011,130,24.6400000000000005);
INSERT INTO EEConsumo VALUES(599,72,'P','2020-01-01','2020-01-31',0,0.894460000000000032,4.5,4.02999999999999936);
INSERT INTO EEConsumo VALUES(600,72,'R','2020-01-01','2020-01-31',0,0.059130000000000002,293,17.3300000000000018);
INSERT INTO EEConsumo VALUES(601,72,'E1','2020-02-01','2020-02-29',0,0.0894500000000000017,152,13.5999999999999996);
INSERT INTO EEConsumo VALUES(602,72,'E2','2020-02-01','2020-02-29',0,0.189510000000000011,110,20.8500000000000014);
INSERT INTO EEConsumo VALUES(603,72,'P','2020-02-01','2020-02-29',0,0.836752999999999969,4.5,3.77000000000000046);
INSERT INTO EEConsumo VALUES(604,72,'R','2020-02-01','2020-02-29',0,0.059130000000000002,194,11.4700000000000006);
INSERT INTO EEConsumo VALUES(605,73,'E1','2020-03-01','2020-03-31',0,0.0894500000000000017,163,14.5800000000000018);
INSERT INTO EEConsumo VALUES(606,73,'E2','2020-03-01','2020-03-31',0,0.189510000000000011,151,28.6199999999999974);
INSERT INTO EEConsumo VALUES(607,73,'P','2020-03-01','2020-03-31',0,0.894460000000000032,4.5,4.02999999999999936);
INSERT INTO EEConsumo VALUES(608,73,'R','2020-03-01','2020-03-31',0,0.059130000000000002,314,18.5700000000000002);
INSERT INTO EEConsumo VALUES(609,73,'E1','2020-04-01','2020-04-30',0,0.0894500000000000017,157,14.0400000000000009);
INSERT INTO EEConsumo VALUES(610,73,'E2','2020-04-01','2020-04-30',0,0.189510000000000011,139,26.3399999999999963);
INSERT INTO EEConsumo VALUES(611,73,'P','2020-04-01','2020-04-30',0,0.865605999999999986,4.5,3.89999999999999991);
INSERT INTO EEConsumo VALUES(612,73,'R','2020-04-01','2020-04-30',0,0.059130000000000002,180,10.6400000000000005);
INSERT INTO EEConsumo VALUES(613,74,'E1','2020-05-01','2020-05-31',0,0.0894500000000000017,163,14.5800000000000018);
INSERT INTO EEConsumo VALUES(614,74,'E2','2020-05-01','2020-05-31',0,0.189510000000000011,124,23.5);
INSERT INTO EEConsumo VALUES(615,74,'P','2020-05-01','2020-05-31',0,0.894460000000000032,4.5,4.02999999999999936);
INSERT INTO EEConsumo VALUES(616,74,'R','2020-05-01','2020-05-31',0,0.059130000000000002,287,16.9699999999999988);
INSERT INTO EEConsumo VALUES(617,74,'E1','2020-06-01','2020-06-30',0,0.0894500000000000017,157,14.0400000000000009);
INSERT INTO EEConsumo VALUES(618,74,'E2','2020-06-01','2020-06-30',0,0.189510000000000011,105,19.8999999999999985);
INSERT INTO EEConsumo VALUES(619,74,'P','2020-06-01','2020-06-30',0,0.865605999999999986,4.5,3.89999999999999991);
INSERT INTO EEConsumo VALUES(620,74,'R','2020-06-01','2020-06-30',0,0.059130000000000002,208,12.3000000000000007);
INSERT INTO EEConsumo VALUES(621,75,'E1','2020-07-01','2020-07-31',0,0.0894500000000000017,163,14.5800000000000018);
INSERT INTO EEConsumo VALUES(622,75,'E2','2020-07-01','2020-07-31',0,0.189510000000000011,87,16.4900000000000019);
INSERT INTO EEConsumo VALUES(623,75,'P','2020-07-01','2020-07-31',0,0.894460000000000032,4.5,4.02999999999999936);
INSERT INTO EEConsumo VALUES(624,75,'R','2020-07-01','2020-07-31',0,0.059130000000000002,250,14.7800000000000011);
INSERT INTO EEConsumo VALUES(625,76,'E1','2020-08-01','2020-08-31',0,0.0894500000000000017,163,14.5800000000000018);
INSERT INTO EEConsumo VALUES(626,76,'E2','2020-08-01','2020-08-31',0,0.189510000000000011,160,30.3200000000000002);
INSERT INTO EEConsumo VALUES(627,76,'P','2020-08-01','2020-08-31',0,0.894460000000000032,4.5,4.02999999999999936);
INSERT INTO EEConsumo VALUES(628,76,'R','2020-08-01','2020-08-31',0,0.059130000000000002,323,19.1000000000000014);
INSERT INTO EEConsumo VALUES(629,76,'E1','2020-09-01','2020-09-30',0,0.0894500000000000017,157,14.0400000000000009);
INSERT INTO EEConsumo VALUES(630,76,'E2','2020-09-01','2020-09-30',0,0.189510000000000011,103,19.5199999999999995);
INSERT INTO EEConsumo VALUES(631,76,'P','2020-09-01','2020-09-30',0,0.865605999999999986,4.5,3.89999999999999991);
INSERT INTO EEConsumo VALUES(632,76,'R','2020-09-01','2020-09-30',0,0.059130000000000002,260,15.3699999999999992);
INSERT INTO EEConsumo VALUES(633,76,'E1','2020-10-01','2020-10-31',0,0.0894500000000000017,163,14.5800000000000018);
INSERT INTO EEConsumo VALUES(634,76,'E2','2020-10-01','2020-10-31',0,0.189510000000000011,111,21.0399999999999991);
INSERT INTO EEConsumo VALUES(635,76,'P','2020-10-01','2020-10-31',0,0.894460000000000032,4.5,4.02999999999999936);
INSERT INTO EEConsumo VALUES(636,76,'R','2020-10-01','2020-10-31',0,0.059130000000000002,274,16.1999999999999992);
INSERT INTO EEConsumo VALUES(637,76,'E1','2020-11-01','2020-11-30',0,0.0894500000000000017,157,14.0400000000000009);
INSERT INTO EEConsumo VALUES(638,76,'E2','2020-11-01','2020-11-30',0,0.189510000000000011,150,28.4299999999999997);
INSERT INTO EEConsumo VALUES(639,76,'P','2020-11-01','2020-11-30',0,0.865605999999999986,4.5,3.89999999999999991);
INSERT INTO EEConsumo VALUES(640,76,'R','2020-11-01','2020-11-30',0,0.059130000000000002,307,18.1499999999999985);
INSERT INTO EEConsumo VALUES(641,76,'E1','2020-12-01','2020-12-31',0,0.0894500000000000017,163,14.5800000000000018);
INSERT INTO EEConsumo VALUES(642,76,'E2','2020-12-01','2020-12-31',0,0.189510000000000011,178,33.7300000000000039);
INSERT INTO EEConsumo VALUES(643,76,'P','2020-12-01','2020-12-31',0,0.894460000000000032,4.5,4.02999999999999936);
INSERT INTO EEConsumo VALUES(644,76,'R','2020-12-01','2020-12-31',0,0.059130000000000002,70,4.13999999999999968);
INSERT INTO EEConsumo VALUES(645,77,'P','2021-01-01','2021-01-31',0,0.896909999999999985,4.5,4.04000000000000003);
INSERT INTO EEConsumo VALUES(646,77,'R','2021-01-01','2021-01-31',0,0.059130000000000002,369,21.8200000000000002);
INSERT INTO EEConsumo VALUES(647,77,'P','2021-02-01','2021-02-28',0,0.810112999999999971,4.5,3.64999999999999991);
INSERT INTO EEConsumo VALUES(648,77,'R','2021-02-01','2021-02-28',0,0.059130000000000002,318,18.8000000000000007);
INSERT INTO EEConsumo VALUES(649,77,'P','2021-03-01','2021-03-31',0,0.896909999999999985,4.5,4.04000000000000003);
INSERT INTO EEConsumo VALUES(650,77,'R','2021-03-01','2021-03-31',0,0.059130000000000002,286,16.9100000000000001);
INSERT INTO EEConsumo VALUES(651,77,'P','2021-04-01','2021-04-30',0,0.867978000000000027,4.5,3.91000000000000014);
INSERT INTO EEConsumo VALUES(652,78,'P','2021-05-01','2021-05-31',0,0.896909999999999985,4.5,4.04000000000000003);
INSERT INTO EEConsumo VALUES(653,78,'R','2021-05-01','2021-05-31',0,0.059130000000000002,294,17.3800000000000025);
INSERT INTO EEConsumo VALUES(654,78,'P','2021-06-01','2021-06-30',0,0.867978000000000027,4.5,3.91000000000000014);
INSERT INTO EEConsumo VALUES(655,78,'R','2021-06-01','2021-06-30',0,0.059130000000000002,304,17.9800000000000004);
INSERT INTO EEConsumo VALUES(656,78,'E1','2021-07-01','2021-07-31',0,0.0894500000000000017,163,14.5800000000000018);
INSERT INTO EEConsumo VALUES(657,78,'E2','2021-07-01','2021-07-31',0,0.189510000000000011,156,29.5600000000000022);
INSERT INTO EEConsumo VALUES(658,78,'P','2021-07-01','2021-07-31',0,0.896909999999999985,4.5,4.04000000000000003);
INSERT INTO EEConsumo VALUES(659,78,'R','2021-07-01','2021-07-31',0,0.059130000000000002,354,20.9299999999999997);
INSERT INTO EEConsumo VALUES(660,78,'E1','2021-08-01','2021-08-31',0,0.0894500000000000017,163,14.5800000000000018);
INSERT INTO EEConsumo VALUES(661,78,'E2','2021-08-01','2021-08-31',0,0.189510000000000011,198,37.519999999999996);
INSERT INTO EEConsumo VALUES(662,78,'P','2021-08-01','2021-08-31',0,0.896909999999999985,4.5,4.04000000000000003);
INSERT INTO EEConsumo VALUES(663,78,'R','2021-08-01','2021-08-31',0,0.059130000000000002,45,2.66000000000000014);
INSERT INTO EEConsumo VALUES(664,79,'E1','2021-09-01','2021-09-30',0,0.0894500000000000017,158,14.1300000000000007);
INSERT INTO EEConsumo VALUES(665,79,'E2','2021-09-01','2021-09-30',0,0.189510000000000011,141,26.7199999999999988);
INSERT INTO EEConsumo VALUES(666,79,'P','2021-09-01','2021-09-30',0,0.867978000000000027,4.5,3.91000000000000014);
INSERT INTO EEConsumo VALUES(667,79,'R','2021-09-01','2021-09-30',0,0.059130000000000002,299,17.6799999999999997);
INSERT INTO EEConsumo VALUES(668,79,'E1','2021-10-01','2021-10-31',0,0.0894500000000000017,163,14.5800000000000018);
INSERT INTO EEConsumo VALUES(669,79,'E2','2021-10-01','2021-10-31',0,0.189510000000000011,153,29);
INSERT INTO EEConsumo VALUES(670,79,'P','2021-10-01','2021-10-31',0,0.896909999999999985,4.5,4.04000000000000003);
INSERT INTO EEConsumo VALUES(671,79,'R','2021-10-01','2021-10-31',0,0.059130000000000002,316,18.6900000000000012);
INSERT INTO EEConsumo VALUES(672,79,'E1','2021-11-01','2021-11-30',0,0.0894500000000000017,158,14.1300000000000007);
INSERT INTO EEConsumo VALUES(673,79,'E2','2021-11-01','2021-11-30',0,0.189510000000000011,167,31.6499999999999985);
INSERT INTO EEConsumo VALUES(674,79,'P','2021-11-01','2021-11-30',0,0.867978000000000027,4.5,3.91000000000000014);
INSERT INTO EEConsumo VALUES(675,79,'R','2021-11-01','2021-11-30',0,0.059130000000000002,325,19.2199999999999988);
INSERT INTO EEConsumo VALUES(676,79,'E1','2021-12-01','2021-12-31',0,0.0894500000000000017,163,14.5800000000000018);
INSERT INTO EEConsumo VALUES(677,79,'E2','2021-12-01','2021-12-31',0,0.189510000000000011,169,32.0300000000000011);
INSERT INTO EEConsumo VALUES(678,79,'P','2021-12-01','2021-12-31',0,0.896909999999999985,4.5,4.04000000000000003);
INSERT INTO EEConsumo VALUES(679,79,'R','2021-12-01','2021-12-31',0,0.059130000000000002,50,2.95999999999999996);
INSERT INTO EEConsumo VALUES(680,80,'P','2022-01-01','2022-01-31',0,0.896909999999999985,4.5,4.04000000000000003);
INSERT INTO EEConsumo VALUES(681,80,'R','2022-01-01','2022-01-31',0,0.059130000000000002,325,19.2199999999999988);
INSERT INTO EEConsumo VALUES(682,80,'P','2022-02-01','2022-02-28',0,0.810112999999999971,4.5,3.64999999999999991);
INSERT INTO EEConsumo VALUES(683,80,'R','2022-02-01','2022-02-28',0,0.059130000000000002,301,17.8000000000000007);
INSERT INTO EEConsumo VALUES(684,80,'P','2022-03-01','2022-03-31',0,0.896909999999999985,4.5,4.04000000000000003);
INSERT INTO EEConsumo VALUES(685,80,'R','2022-03-01','2022-03-31',0,0.059130000000000002,300,17.7400000000000019);
INSERT INTO EEConsumo VALUES(686,80,'P','2022-04-01','2022-04-30',0,0.867978000000000027,4.5,3.91000000000000014);
INSERT INTO EEConsumo VALUES(687,80,'R','2022-04-01','2022-04-30',0,0.059130000000000002,47,2.78000000000000024);
INSERT INTO EEConsumo VALUES(688,81,'P','2022-05-01','2022-05-31',0,0.896909999999999985,4.5,4.04000000000000003);
INSERT INTO EEConsumo VALUES(689,81,'R','2022-05-01','2022-05-31',0,0.059130000000000002,311,18.3900000000000005);
INSERT INTO EEConsumo VALUES(690,81,'P','2022-06-01','2022-06-30',0,0.867978000000000027,4.5,3.91000000000000014);
INSERT INTO EEConsumo VALUES(691,81,'R','2022-06-01','2022-06-30',0,0.059130000000000002,303,17.9199999999999981);
INSERT INTO EEConsumo VALUES(692,81,'P','2022-07-01','2022-07-31',0,0.896909999999999985,4.5,4.04000000000000003);
INSERT INTO EEConsumo VALUES(693,81,'R','2022-07-01','2022-07-31',0,0.059130000000000002,377,22.2899999999999991);
INSERT INTO EEConsumo VALUES(694,81,'P','2022-08-01','2022-08-31',0,0.896909999999999985,4.5,4.04000000000000003);
INSERT INTO EEConsumo VALUES(695,81,'R','2022-08-01','2022-08-31',0,0.059130000000000002,6,0.349999999999999977);
INSERT INTO EEConsumo VALUES(696,82,'P','2022-09-01','2022-09-30',0,0.867978000000000027,4.5,3.91000000000000014);
INSERT INTO EEConsumo VALUES(697,82,'R','2022-09-01','2022-09-30',0,0.059130000000000002,286,16.9100000000000001);
INSERT INTO EEConsumo VALUES(698,82,'P','2022-10-01','2022-10-31',0,0.896909999999999985,4.5,4.04000000000000003);
INSERT INTO EEConsumo VALUES(699,82,'R','2022-10-01','2022-10-31',0,0.059130000000000002,325,19.2199999999999988);
INSERT INTO EEConsumo VALUES(700,82,'P','2022-11-01','2022-11-30',0,0.867978000000000027,4.5,3.91000000000000014);
INSERT INTO EEConsumo VALUES(701,82,'R','2022-11-01','2022-11-30',0,0.059130000000000002,379,22.4100000000000001);
INSERT INTO EEConsumo VALUES(702,82,'P','2022-12-01','2022-12-31',0,0.896909999999999985,4.5,4.04000000000000003);
INSERT INTO EEConsumo VALUES(703,83,'P','2023-01-01','2023-01-31',0,0.896909999999999985,4.5,4.04000000000000003);
INSERT INTO EEConsumo VALUES(704,83,'R','2023-01-01','2023-01-31',0,0.059130000000000002,389,23);
INSERT INTO EEConsumo VALUES(705,83,'P','2023-02-01','2023-02-28',0,0.810112999999999971,4.5,3.64999999999999991);
INSERT INTO EEConsumo VALUES(706,83,'R','2023-02-01','2023-02-28',0,0.059130000000000002,345,20.3999999999999985);
INSERT INTO EEConsumo VALUES(707,83,'P','2023-03-01','2023-03-31',0,0.896909999999999985,4.5,4.04000000000000003);
INSERT INTO EEConsumo VALUES(708,83,'R','2023-03-01','2023-03-31',0,0.059130000000000002,239,14.1300000000000007);
INSERT INTO EEConsumo VALUES(709,83,'P','2023-04-01','2023-04-30',0,0.867978000000000027,4.5,3.91000000000000014);
INSERT INTO EEConsumo VALUES(710,84,'P','2023-05-01','2023-05-31',0,0.896909999999999985,4.5,4.04000000000000003);
INSERT INTO EEConsumo VALUES(711,84,'R','2023-05-01','2023-05-31',0,0.059130000000000002,309,18.2699999999999995);
INSERT INTO EEConsumo VALUES(712,84,'P','2023-06-01','2023-06-30',0,0.867978000000000027,4.5,3.91000000000000014);
INSERT INTO EEConsumo VALUES(713,84,'R','2023-06-01','2023-06-30',0,0.059130000000000002,268,15.8499999999999996);
INSERT INTO EEConsumo VALUES(714,84,'P','2023-07-01','2023-07-31',0,0.896909999999999985,4.5,4.04000000000000003);
INSERT INTO EEConsumo VALUES(715,84,'R','2023-07-01','2023-07-31',0,0.059130000000000002,372,22);
INSERT INTO EEConsumo VALUES(716,84,'P','2023-08-01','2023-08-31',0,0.896909999999999985,4.5,4.04000000000000003);
INSERT INTO EEConsumo VALUES(717,84,'R','2023-08-01','2023-08-31',0,0.059130000000000002,48,2.83999999999999985);
INSERT INTO EEConsumo VALUES(718,85,'E1','2020-11-01','2020-11-30',0,0.0894500000000000017,157,14.0400000000000009);
INSERT INTO EEConsumo VALUES(719,85,'E2','2020-11-01','2020-11-30',0,0.189510000000000011,48,9.09999999999999964);
INSERT INTO EEConsumo VALUES(720,85,'P','2020-11-01','2020-11-30',0,0.865605999999999986,4.5,3.89999999999999991);
INSERT INTO EEConsumo VALUES(721,85,'R','2020-11-01','2020-11-30',0,0.059130000000000002,205,12.1200000000000009);
INSERT INTO EEConsumo VALUES(722,85,'E1','2020-12-01','2020-12-31',0,0.0894500000000000017,163,14.5800000000000018);
INSERT INTO EEConsumo VALUES(723,85,'E2','2020-12-01','2020-12-31',0,0.189510000000000011,53,10.0400000000000009);
INSERT INTO EEConsumo VALUES(724,85,'P','2020-12-01','2020-12-31',0,0.894460000000000032,4.5,4.02999999999999936);
INSERT INTO EEConsumo VALUES(725,85,'R','2020-12-01','2020-12-31',0,0.059130000000000002,216,12.7699999999999995);
INSERT INTO EEConsumo VALUES(726,86,'E1','2021-01-01','2021-01-31',0,0.0894500000000000017,163,14.5800000000000018);
INSERT INTO EEConsumo VALUES(727,86,'E2','2021-01-01','2021-01-31',0,0.189510000000000011,36,6.82000000000000028);
INSERT INTO EEConsumo VALUES(728,86,'P','2021-01-01','2021-01-31',0,0.896909999999999985,4.5,4.04000000000000003);
INSERT INTO EEConsumo VALUES(729,86,'R','2021-01-01','2021-01-31',0,0.059130000000000002,199,11.7699999999999995);
INSERT INTO EEConsumo VALUES(730,86,'E1','2021-02-01','2021-02-28',0,0.0894500000000000017,147,13.1500000000000003);
INSERT INTO EEConsumo VALUES(731,86,'E2','2021-02-01','2021-02-28',0,0.189510000000000011,13,2.45999999999999996);
INSERT INTO EEConsumo VALUES(732,86,'P','2021-02-01','2021-02-28',0,0.810112999999999971,4.5,3.64999999999999991);
INSERT INTO EEConsumo VALUES(733,86,'R','2021-02-01','2021-02-28',0,0.059130000000000002,160,9.45999999999999907);
INSERT INTO EEConsumo VALUES(734,87,'E1','2021-03-01','2021-03-31',0,0.0894500000000000017,163,14.5800000000000018);
INSERT INTO EEConsumo VALUES(735,87,'E2','2021-03-01','2021-03-31',0,0.189510000000000011,23,4.36000000000000032);
INSERT INTO EEConsumo VALUES(736,87,'P','2021-03-01','2021-03-31',0,0.896909999999999985,4.5,4.04000000000000003);
INSERT INTO EEConsumo VALUES(737,87,'R','2021-03-01','2021-03-31',0,0.059130000000000002,186,11);
INSERT INTO EEConsumo VALUES(738,87,'E1','2021-04-01','2021-04-30',0,0.0894500000000000017,155,13.8599999999999994);
INSERT INTO EEConsumo VALUES(739,87,'P','2021-04-01','2021-04-30',0,0.867978000000000027,4.5,3.91000000000000014);
INSERT INTO EEConsumo VALUES(740,87,'R','2021-04-01','2021-04-30',0,0.059130000000000002,155,9.16999999999999993);
INSERT INTO EEConsumo VALUES(741,88,'E1','2021-05-01','2021-05-31',0,0.0894500000000000017,143,12.7900000000000009);
INSERT INTO EEConsumo VALUES(742,88,'P','2021-05-01','2021-05-31',0,0.896909999999999985,4.5,4.04000000000000003);
INSERT INTO EEConsumo VALUES(743,88,'R','2021-05-01','2021-05-31',0,0.059130000000000002,143,8.45999999999999907);
INSERT INTO EEConsumo VALUES(744,88,'E1','2021-06-01','2021-06-30',0,0.0894500000000000017,158,14.1300000000000007);
INSERT INTO EEConsumo VALUES(745,88,'E2','2021-06-01','2021-06-30',0,0.189510000000000011,11,2.08000000000000007);
INSERT INTO EEConsumo VALUES(746,88,'P','2021-06-01','2021-06-30',0,0.867978000000000027,4.5,3.91000000000000014);
INSERT INTO EEConsumo VALUES(747,88,'R','2021-06-01','2021-06-30',0,0.059130000000000002,169,9.99000000000000021);
INSERT INTO EEConsumo VALUES(748,89,'E1','2021-07-01','2021-07-31',0,0.0894500000000000017,163,14.5800000000000018);
INSERT INTO EEConsumo VALUES(749,89,'E2','2021-07-01','2021-07-31',0,0.189510000000000011,17,3.22000000000000019);
INSERT INTO EEConsumo VALUES(750,89,'P','2021-07-01','2021-07-31',0,0.896909999999999985,4.5,4.04000000000000003);
INSERT INTO EEConsumo VALUES(751,89,'R','2021-07-01','2021-07-31',0,0.059130000000000002,180,10.6400000000000005);
INSERT INTO EEConsumo VALUES(752,89,'E1','2021-08-01','2021-08-31',0,0.0894500000000000017,163,14.5800000000000018);
INSERT INTO EEConsumo VALUES(753,89,'E2','2021-08-01','2021-08-31',0,0.189510000000000011,29,5.5);
INSERT INTO EEConsumo VALUES(754,89,'P','2021-08-01','2021-08-31',0,0.896909999999999985,4.5,4.04000000000000003);
INSERT INTO EEConsumo VALUES(755,89,'R','2021-08-01','2021-08-31',0,0.059130000000000002,192,11.3499999999999996);
INSERT INTO EEConsumo VALUES(756,90,'E1','2021-09-01','2021-09-30',0,0.0894500000000000017,128,11.4499999999999992);
INSERT INTO EEConsumo VALUES(757,90,'P','2021-09-01','2021-09-30',0,0.867978000000000027,4.5,3.91000000000000014);
INSERT INTO EEConsumo VALUES(758,90,'R','2021-09-01','2021-09-30',0,0.059130000000000002,128,7.57000000000000028);
INSERT INTO EEConsumo VALUES(759,90,'E1','2021-10-01','2021-10-31',0,0.0894500000000000017,155,13.8599999999999994);
INSERT INTO EEConsumo VALUES(760,90,'P','2021-10-01','2021-10-31',0,0.896909999999999985,4.5,4.04000000000000003);
INSERT INTO EEConsumo VALUES(761,90,'R','2021-10-01','2021-10-31',0,0.059130000000000002,155,9.16999999999999993);
INSERT INTO EEConsumo VALUES(762,91,'E1','2021-11-01','2021-11-30',0,0.0894500000000000017,155,13.8599999999999994);
INSERT INTO EEConsumo VALUES(763,91,'P','2021-11-01','2021-11-30',0,0.867978000000000027,4.5,3.91000000000000014);
INSERT INTO EEConsumo VALUES(764,91,'R','2021-11-01','2021-11-30',0,0.059130000000000002,155,9.16999999999999993);
INSERT INTO EEConsumo VALUES(765,91,'E1','2021-12-01','2021-12-31',0,0.0894500000000000017,163,14.5800000000000018);
INSERT INTO EEConsumo VALUES(766,91,'E2','2021-12-01','2021-12-31',0,0.189510000000000011,28,5.31000000000000049);
INSERT INTO EEConsumo VALUES(767,91,'P','2021-12-01','2021-12-31',0,0.896909999999999985,4.5,4.04000000000000003);
INSERT INTO EEConsumo VALUES(768,91,'R','2021-12-01','2021-12-31',0,0.059130000000000002,191,11.2900000000000009);
INSERT INTO EEConsumo VALUES(769,92,'E1','2022-03-01','2022-03-31',0,0.111812999999999995,163,18.2300000000000004);
INSERT INTO EEConsumo VALUES(770,92,'E2','2022-03-01','2022-03-31',0,0.255838999999999983,13,3.32999999999999962);
INSERT INTO EEConsumo VALUES(771,92,'P','2022-03-01','2022-03-31',0,0.896909999999999985,4.5,4.04000000000000003);
INSERT INTO EEConsumo VALUES(772,92,'R','2022-03-01','2022-03-31',0,0.059130000000000002,176,10.4100000000000001);
INSERT INTO EEConsumo VALUES(773,92,'E1','2022-04-01','2022-04-30',0,0.111812999999999995,158,17.6699999999999981);
INSERT INTO EEConsumo VALUES(774,92,'P','2022-04-01','2022-04-30',0,0.867978000000000027,4.5,3.91000000000000014);
INSERT INTO EEConsumo VALUES(775,92,'R','2022-04-01','2022-04-30',0,0.059130000000000002,158,9.33999999999999985);
INSERT INTO EEConsumo VALUES(776,93,'E1','2022-05-01','2022-05-31',0,0.111812999999999995,137,15.3199999999999985);
INSERT INTO EEConsumo VALUES(777,93,'P','2022-05-01','2022-05-31',0,0.896909999999999985,4.5,4.04000000000000003);
INSERT INTO EEConsumo VALUES(778,93,'R','2022-05-01','2022-05-31',0,0.059130000000000002,137,8.09999999999999964);
INSERT INTO EEConsumo VALUES(779,93,'E1','2022-06-01','2022-06-30',0,0.111812999999999995,143,15.9900000000000002);
INSERT INTO EEConsumo VALUES(780,93,'P','2022-06-01','2022-06-30',0,0.867978000000000027,4.5,3.91000000000000014);
INSERT INTO EEConsumo VALUES(781,93,'R','2022-06-01','2022-06-30',0,0.059130000000000002,143,8.45999999999999907);
INSERT INTO EEConsumo VALUES(782,94,'E1','2022-07-01','2022-07-31',0,0.111812999999999995,181,20.2400000000000019);
INSERT INTO EEConsumo VALUES(783,94,'P','2022-07-01','2022-07-31',0,0.896909999999999985,4.5,4.04000000000000003);
INSERT INTO EEConsumo VALUES(784,94,'R','2022-07-01','2022-07-31',0,0.059130000000000002,181,10.6999999999999992);
INSERT INTO EEConsumo VALUES(785,94,'E1','2022-08-01','2022-08-31',0,0.111812999999999995,165,18.4499999999999992);
INSERT INTO EEConsumo VALUES(786,94,'P','2022-08-01','2022-08-31',0,0.896909999999999985,4.5,4.04000000000000003);
INSERT INTO EEConsumo VALUES(787,94,'R','2022-08-01','2022-08-31',0,0.059130000000000002,165,9.75999999999999978);
INSERT INTO EEConsumo VALUES(788,95,'E1','2022-09-01','2022-09-30',0,0.111812999999999995,138,15.4300000000000014);
INSERT INTO EEConsumo VALUES(789,95,'P','2022-09-01','2022-09-30',0,0.867978000000000027,4.5,3.91000000000000014);
INSERT INTO EEConsumo VALUES(790,95,'R','2022-09-01','2022-09-30',0,0.059130000000000002,138,8.16000000000000014);
INSERT INTO EEConsumo VALUES(791,95,'E1','2022-10-01','2022-10-31',0,0.111812999999999995,181,20.2400000000000019);
INSERT INTO EEConsumo VALUES(792,95,'P','2022-10-01','2022-10-31',0,0.896909999999999985,4.5,4.04000000000000003);
INSERT INTO EEConsumo VALUES(793,95,'R','2022-10-01','2022-10-31',0,0.059130000000000002,181,10.6999999999999992);
INSERT INTO EEConsumo VALUES(794,96,'E1','2022-11-01','2022-11-30',0,0.111812999999999995,161,18);
INSERT INTO EEConsumo VALUES(795,96,'P','2022-11-01','2022-11-30',0,0.867978000000000027,4.5,3.91000000000000014);
INSERT INTO EEConsumo VALUES(796,96,'R','2022-11-01','2022-11-30',0,0.059130000000000002,161,9.51999999999999957);
INSERT INTO EEConsumo VALUES(797,96,'PU','2022-12-01','2022-12-31',0,0.294910000000000005,170,50.1300000000000025);
INSERT INTO EEConsumo VALUES(798,96,'S1','2022-12-01','2022-12-31',0,0.00713499999999999984,170,1.20999999999999996);
INSERT INTO EEConsumo VALUES(799,96,'P','2022-12-01','2022-12-31',0,0.896909999999999985,4.5,4.04000000000000003);
INSERT INTO EEConsumo VALUES(800,96,'R','2022-12-01','2022-12-31',0,0.059130000000000002,170,10.0500000000000007);
INSERT INTO EEConsumo VALUES(801,97,'PU','2023-01-01','2023-01-31',0,0.174490000000000006,170,29.6600000000000036);
INSERT INTO EEConsumo VALUES(802,97,'S1','2023-01-01','2023-01-31',0,0.0101759999999999992,170,1.72999999999999998);
INSERT INTO EEConsumo VALUES(803,97,'P','2023-01-01','2023-01-31',0,0.896909999999999985,4.5,4.04000000000000003);
INSERT INTO EEConsumo VALUES(804,97,'R','2023-01-01','2023-01-31',0,0.059130000000000002,170,10.0500000000000007);
INSERT INTO EEConsumo VALUES(805,97,'PU','2023-02-01','2023-02-28',0,0.16106999999999999,159,25.6100000000000029);
INSERT INTO EEConsumo VALUES(806,97,'S1','2023-02-01','2023-02-28',0,0.0101759999999999992,159,1.61999999999999988);
INSERT INTO EEConsumo VALUES(807,97,'P','2023-02-01','2023-02-28',0,0.810112999999999971,4.5,3.64999999999999991);
INSERT INTO EEConsumo VALUES(808,97,'R','2023-02-01','2023-02-28',0,0.059130000000000002,159,9.40000000000000035);
INSERT INTO EEConsumo VALUES(809,98,'PU','2023-03-01','2023-03-31',0,0.136380000000000001,156,21.2800000000000011);
INSERT INTO EEConsumo VALUES(810,98,'S1','2023-03-01','2023-03-31',0,0.0101759999999999992,156,1.59000000000000008);
INSERT INTO EEConsumo VALUES(811,98,'P','2023-03-01','2023-03-31',0,0.896909999999999985,4.5,4.04000000000000003);
INSERT INTO EEConsumo VALUES(812,98,'R','2023-03-01','2023-03-31',0,0.059130000000000002,156,9.22000000000000064);
INSERT INTO EEConsumo VALUES(813,98,'PU','2023-04-01','2023-04-30',0,0.134970000000000006,145,19.5700000000000002);
INSERT INTO EEConsumo VALUES(814,98,'S1','2023-04-01','2023-04-30',0,0.0101759999999999992,145,1.47999999999999998);
INSERT INTO EEConsumo VALUES(815,98,'P','2023-04-01','2023-04-30',0,0.867978000000000027,4.5,3.91000000000000014);
INSERT INTO EEConsumo VALUES(816,98,'R','2023-04-01','2023-04-30',0,0.059130000000000002,145,8.57000000000000028);
INSERT INTO EEConsumo VALUES(817,99,'E1','2019-07-01','2019-07-31',0,0.0894500000000000017,27,2.41999999999999992);
INSERT INTO EEConsumo VALUES(818,99,'P','2019-07-01','2019-07-31',0,0.896909999999999985,4.5,4.04000000000000003);
INSERT INTO EEConsumo VALUES(819,99,'R','2019-07-01','2019-07-31',0,0.059130000000000002,27,1.60000000000000008);
INSERT INTO EEConsumo VALUES(820,99,'E1','2019-08-01','2019-08-31',0,0.0894500000000000017,10,0.890000000000000013);
INSERT INTO EEConsumo VALUES(821,99,'P','2019-08-01','2019-08-31',0,0.896909999999999985,4.5,4.04000000000000003);
INSERT INTO EEConsumo VALUES(822,99,'R','2019-08-01','2019-08-31',0,0.059130000000000002,10,0.590000000000000079);
INSERT INTO EEConsumo VALUES(823,100,'E1','2019-09-01','2019-09-30',0,0.0894500000000000017,39,3.48999999999999976);
INSERT INTO EEConsumo VALUES(824,100,'P','2019-09-01','2019-09-30',0,0.867978000000000027,4.5,3.91000000000000014);
INSERT INTO EEConsumo VALUES(825,100,'R','2019-09-01','2019-09-30',0,0.059130000000000002,39,2.31000000000000005);
INSERT INTO EEConsumo VALUES(826,100,'E1','2019-10-01','2019-10-31',0,0.0894500000000000017,103,9.20999999999999907);
INSERT INTO EEConsumo VALUES(827,100,'P','2019-10-01','2019-10-31',0,0.896909999999999985,4.5,4.04000000000000003);
INSERT INTO EEConsumo VALUES(828,100,'R','2019-10-01','2019-10-31',0,0.059130000000000002,103,6.08999999999999985);
INSERT INTO EEConsumo VALUES(829,101,'E1','2019-11-01','2019-11-30',0,0.0894500000000000017,158,14.1300000000000007);
INSERT INTO EEConsumo VALUES(830,101,'E2','2019-11-01','2019-11-30',0,0.189510000000000011,78,14.7800000000000011);
INSERT INTO EEConsumo VALUES(831,101,'P','2019-11-01','2019-11-30',0,0.867978000000000027,4.5,3.91000000000000014);
INSERT INTO EEConsumo VALUES(832,101,'R','2019-11-01','2019-11-30',0,0.059130000000000002,236,13.9499999999999992);
INSERT INTO EEConsumo VALUES(833,101,'E1','2019-12-01','2019-12-31',0,0.0894500000000000017,163,14.5800000000000018);
INSERT INTO EEConsumo VALUES(834,101,'E2','2019-12-01','2019-12-31',0,0.189510000000000011,246,46.6199999999999974);
INSERT INTO EEConsumo VALUES(835,101,'P','2019-12-01','2019-12-31',0,0.896909999999999985,4.5,4.04000000000000003);
INSERT INTO EEConsumo VALUES(836,101,'R','2019-12-01','2019-12-31',0,0.059130000000000002,409,24.1799999999999997);
INSERT INTO EEConsumo VALUES(837,102,'E1','2020-01-01','2020-01-31',0,0.0894500000000000017,163,14.5800000000000018);
INSERT INTO EEConsumo VALUES(838,102,'E2','2020-01-01','2020-01-31',0,0.189510000000000011,580,109.920000000000001);
INSERT INTO EEConsumo VALUES(839,102,'P','2020-01-01','2020-01-31',0,0.894460000000000032,4.5,4.02999999999999936);
INSERT INTO EEConsumo VALUES(840,102,'R','2020-01-01','2020-01-31',0,0.059130000000000002,487,28.8000000000000007);
INSERT INTO EEConsumo VALUES(841,102,'E1','2020-02-01','2020-02-29',0,0.0894500000000000017,152,13.5999999999999996);
INSERT INTO EEConsumo VALUES(842,102,'E2','2020-02-01','2020-02-29',0,0.189510000000000011,566,107.25999999999999);
INSERT INTO EEConsumo VALUES(843,102,'P','2020-02-01','2020-02-29',0,0.836752999999999969,4.5,3.77000000000000046);
INSERT INTO EEConsumo VALUES(844,103,'E1','2020-03-01','2020-03-31',0,0.0894500000000000017,163,14.5800000000000018);
INSERT INTO EEConsumo VALUES(845,103,'E2','2020-03-01','2020-03-31',0,0.189510000000000011,345,65.3799999999999954);
INSERT INTO EEConsumo VALUES(846,103,'P','2020-03-01','2020-03-31',0,0.894460000000000032,4.5,4.02999999999999936);
INSERT INTO EEConsumo VALUES(847,103,'R','2020-03-01','2020-03-31',0,0.059130000000000002,494,29.2100000000000008);
INSERT INTO EEConsumo VALUES(848,103,'E1','2020-04-01','2020-04-30',0,0.0894500000000000017,157,14.0400000000000009);
INSERT INTO EEConsumo VALUES(849,103,'E2','2020-04-01','2020-04-30',0,0.189510000000000011,126,23.8800000000000025);
INSERT INTO EEConsumo VALUES(850,103,'P','2020-04-01','2020-04-30',0,0.865605999999999986,4.5,3.89999999999999991);
INSERT INTO EEConsumo VALUES(851,104,'E1','2020-05-01','2020-05-31',0,0.0894500000000000017,163,14.5800000000000018);
INSERT INTO EEConsumo VALUES(852,104,'E2','2020-05-01','2020-05-31',0,0.189510000000000011,117,22.1699999999999981);
INSERT INTO EEConsumo VALUES(853,104,'P','2020-05-01','2020-05-31',0,0.894460000000000032,4.5,4.02999999999999936);
INSERT INTO EEConsumo VALUES(854,104,'R','2020-05-01','2020-05-31',0,0.059130000000000002,280,16.5599999999999987);
INSERT INTO EEConsumo VALUES(855,104,'E1','2020-06-01','2020-06-30',0,0.0894500000000000017,115,10.2900000000000009);
INSERT INTO EEConsumo VALUES(856,104,'P','2020-06-01','2020-06-30',0,0.865605999999999986,4.5,3.89999999999999991);
INSERT INTO EEConsumo VALUES(857,104,'R','2020-06-01','2020-06-30',0,0.059130000000000002,115,6.79999999999999982);
INSERT INTO EEConsumo VALUES(858,105,'E1','2020-07-01','2020-07-31',0,0.0894500000000000017,162,14.4900000000000002);
INSERT INTO EEConsumo VALUES(859,105,'P','2020-07-01','2020-07-31',0,0.894460000000000032,4.5,4.02999999999999936);
INSERT INTO EEConsumo VALUES(860,105,'R','2020-07-01','2020-07-31',0,0.059130000000000002,162,9.58000000000000007);
INSERT INTO EEConsumo VALUES(861,105,'E1','2020-08-01','2020-08-31',0,0.0894500000000000017,116,10.379999999999999);
INSERT INTO EEConsumo VALUES(862,105,'P','2020-08-01','2020-08-31',0,0.894460000000000032,4.5,4.02999999999999936);
INSERT INTO EEConsumo VALUES(863,105,'R','2020-08-01','2020-08-31',0,0.059130000000000002,116,6.85999999999999943);
INSERT INTO EEConsumo VALUES(864,106,'E1','2020-09-01','2020-09-30',0,0.0894500000000000017,116,10.379999999999999);
INSERT INTO EEConsumo VALUES(865,106,'P','2020-09-01','2020-09-30',0,0.865605999999999986,4.5,3.89999999999999991);
INSERT INTO EEConsumo VALUES(866,106,'R','2020-09-01','2020-09-30',0,0.059130000000000002,116,6.85999999999999943);
INSERT INTO EEConsumo VALUES(867,106,'E1','2020-10-01','2020-10-31',0,0.0894500000000000017,146,13.0599999999999987);
INSERT INTO EEConsumo VALUES(868,106,'P','2020-10-01','2020-10-31',0,0.894460000000000032,4.5,4.02999999999999936);
INSERT INTO EEConsumo VALUES(869,106,'R','2020-10-01','2020-10-31',0,0.059130000000000002,146,8.629999999999999);
INSERT INTO EEConsumo VALUES(870,107,'E1','2020-11-01','2020-11-30',0,0.0894500000000000017,157,14.0400000000000009);
INSERT INTO EEConsumo VALUES(871,107,'E2','2020-11-01','2020-11-30',0,0.189510000000000011,136,25.7699999999999995);
INSERT INTO EEConsumo VALUES(872,107,'P','2020-11-01','2020-11-30',0,0.865605999999999986,4.5,3.89999999999999991);
INSERT INTO EEConsumo VALUES(873,107,'R','2020-11-01','2020-11-30',0,0.059130000000000002,293,17.3300000000000018);
INSERT INTO EEConsumo VALUES(874,107,'E1','2020-12-01','2020-12-31',0,0.0894500000000000017,163,14.5800000000000018);
INSERT INTO EEConsumo VALUES(875,107,'E2','2020-12-01','2020-12-31',0,0.189510000000000011,180,34.1099999999999994);
INSERT INTO EEConsumo VALUES(876,107,'P','2020-12-01','2020-12-31',0,0.894460000000000032,4.5,4.02999999999999936);
INSERT INTO EEConsumo VALUES(877,107,'R','2020-12-01','2020-12-31',0,0.059130000000000002,343,20.2800000000000011);
INSERT INTO EEConsumo VALUES(878,108,'E1','2021-01-01','2021-01-31',0,0.0894500000000000017,163,14.5800000000000018);
INSERT INTO EEConsumo VALUES(879,108,'E2','2021-01-01','2021-01-31',0,0.189510000000000011,221,41.8800000000000025);
INSERT INTO EEConsumo VALUES(880,108,'P','2021-01-01','2021-01-31',0,0.896909999999999985,4.5,4.04000000000000003);
INSERT INTO EEConsumo VALUES(881,108,'R','2021-01-01','2021-01-31',0,0.059130000000000002,384,22.7100000000000008);
INSERT INTO EEConsumo VALUES(882,108,'E1','2021-02-01','2021-02-28',0,0.0894500000000000017,147,13.1500000000000003);
INSERT INTO EEConsumo VALUES(883,108,'E2','2021-02-01','2021-02-28',0,0.189510000000000011,179,33.9200000000000017);
INSERT INTO EEConsumo VALUES(884,108,'P','2021-02-01','2021-02-28',0,0.810112999999999971,4.5,3.64999999999999991);
INSERT INTO EEConsumo VALUES(885,108,'R','2021-02-01','2021-02-28',0,0.059130000000000002,94,5.56000000000000049);
INSERT INTO EEConsumo VALUES(886,109,'E1','2021-03-01','2021-03-31',0,0.0894500000000000017,163,14.5800000000000018);
INSERT INTO EEConsumo VALUES(887,109,'E2','2021-03-01','2021-03-31',0,0.189510000000000011,146,27.6699999999999981);
INSERT INTO EEConsumo VALUES(888,109,'P','2021-03-01','2021-03-31',0,0.896909999999999985,4.5,4.04000000000000003);
INSERT INTO EEConsumo VALUES(889,109,'R','2021-03-01','2021-03-31',0,0.059130000000000002,309,18.2699999999999995);
INSERT INTO EEConsumo VALUES(890,109,'E1','2021-04-01','2021-04-30',0,0.0894500000000000017,158,14.1300000000000007);
INSERT INTO EEConsumo VALUES(891,109,'E2','2021-04-01','2021-04-30',0,0.189510000000000011,125,23.6900000000000012);
INSERT INTO EEConsumo VALUES(892,109,'P','2021-04-01','2021-04-30',0,0.867978000000000027,4.5,3.91000000000000014);
INSERT INTO EEConsumo VALUES(893,109,'R','2021-04-01','2021-04-30',0,0.059130000000000002,186,11);
INSERT INTO EEConsumo VALUES(894,110,'E1','2021-05-01','2021-05-31',0,0.0894500000000000017,163,14.5800000000000018);
INSERT INTO EEConsumo VALUES(895,110,'E2','2021-05-01','2021-05-31',0,0.189510000000000011,94,17.8099999999999987);
INSERT INTO EEConsumo VALUES(896,110,'P','2021-05-01','2021-05-31',0,0.896909999999999985,4.5,4.04000000000000003);
INSERT INTO EEConsumo VALUES(897,110,'R','2021-05-01','2021-05-31',0,0.059130000000000002,257,15.1999999999999992);
INSERT INTO EEConsumo VALUES(898,110,'E1','2021-06-01','2021-06-30',0,0.0894500000000000017,158,14.1300000000000007);
INSERT INTO EEConsumo VALUES(899,110,'E2','2021-06-01','2021-06-30',0,0.189510000000000011,47,8.91000000000000014);
INSERT INTO EEConsumo VALUES(900,110,'P','2021-06-01','2021-06-30',0,0.867978000000000027,4.5,3.91000000000000014);
INSERT INTO EEConsumo VALUES(901,110,'R','2021-06-01','2021-06-30',0,0.059130000000000002,205,12.1200000000000009);
INSERT INTO EEConsumo VALUES(902,111,'E1','2021-07-01','2021-07-31',0,0.0894500000000000017,163,14.5800000000000018);
INSERT INTO EEConsumo VALUES(903,111,'E2','2021-07-01','2021-07-31',0,0.189510000000000011,44,8.33999999999999985);
INSERT INTO EEConsumo VALUES(904,111,'P','2021-07-01','2021-07-31',0,0.896909999999999985,4.5,4.04000000000000003);
INSERT INTO EEConsumo VALUES(905,111,'R','2021-07-01','2021-07-31',0,0.059130000000000002,207,12.2400000000000002);
INSERT INTO EEConsumo VALUES(906,111,'E1','2021-08-01','2021-08-31',0,0.0894500000000000017,163,14.5800000000000018);
INSERT INTO EEConsumo VALUES(907,111,'E2','2021-08-01','2021-08-31',0,0.189510000000000011,4,0.760000000000000008);
INSERT INTO EEConsumo VALUES(908,111,'P','2021-08-01','2021-08-31',0,0.896909999999999985,4.5,4.04000000000000003);
INSERT INTO EEConsumo VALUES(909,111,'R','2021-08-01','2021-08-31',0,0.059130000000000002,167,9.87000000000000099);
INSERT INTO EEConsumo VALUES(910,112,'E1','2021-09-01','2021-09-30',0,0.0894500000000000017,158,14.1300000000000007);
INSERT INTO EEConsumo VALUES(911,112,'E2','2021-09-01','2021-09-30',0,0.189510000000000011,46,8.72000000000000064);
INSERT INTO EEConsumo VALUES(912,112,'P','2021-09-01','2021-09-30',0,0.867978000000000027,4.5,3.91000000000000014);
INSERT INTO EEConsumo VALUES(913,112,'R','2021-09-01','2021-09-30',0,0.059130000000000002,204,12.0599999999999987);
INSERT INTO EEConsumo VALUES(914,112,'E1','2021-10-01','2021-10-31',0,0.0894500000000000017,163,14.5800000000000018);
INSERT INTO EEConsumo VALUES(915,112,'E2','2021-10-01','2021-10-31',0,0.189510000000000011,142,26.9100000000000036);
INSERT INTO EEConsumo VALUES(916,112,'P','2021-10-01','2021-10-31',0,0.896909999999999985,4.5,4.04000000000000003);
INSERT INTO EEConsumo VALUES(917,112,'R','2021-10-01','2021-10-31',0,0.059130000000000002,305,18.0300000000000011);
INSERT INTO EEConsumo VALUES(918,113,'E1','2021-11-01','2021-11-30',0,0.0894500000000000017,158,14.1300000000000007);
INSERT INTO EEConsumo VALUES(919,113,'E2','2021-11-01','2021-11-30',0,0.189510000000000011,186,35.25);
INSERT INTO EEConsumo VALUES(920,113,'P','2021-11-01','2021-11-30',0,0.867978000000000027,4.5,3.91000000000000014);
INSERT INTO EEConsumo VALUES(921,113,'R','2021-11-01','2021-11-30',0,0.059130000000000002,344,20.3399999999999998);
INSERT INTO EEConsumo VALUES(922,113,'E1','2021-12-01','2021-12-31',0,0.0894500000000000017,163,14.5800000000000018);
INSERT INTO EEConsumo VALUES(923,113,'E2','2021-12-01','2021-12-31',0,0.189510000000000011,116,21.9800000000000004);
INSERT INTO EEConsumo VALUES(924,113,'P','2021-12-01','2021-12-31',0,0.896909999999999985,4.5,4.04000000000000003);
INSERT INTO EEConsumo VALUES(925,113,'R','2021-12-01','2021-12-31',0,0.059130000000000002,279,16.5);
INSERT INTO EEConsumo VALUES(926,114,'E1','2022-01-01','2022-01-31',0,0.111812999999999995,163,18.2300000000000004);
INSERT INTO EEConsumo VALUES(927,114,'E2','2022-01-01','2022-01-31',0,0.255838999999999983,202,51.6799999999999926);
INSERT INTO EEConsumo VALUES(928,114,'P','2022-01-01','2022-01-31',0,0.896909999999999985,4.5,4.04000000000000003);
INSERT INTO EEConsumo VALUES(929,114,'R','2022-01-01','2022-01-31',0,0.059130000000000002,365,21.5800000000000018);
INSERT INTO EEConsumo VALUES(930,114,'E1','2022-02-01','2022-02-28',0,0.111812999999999995,147,16.4400000000000012);
INSERT INTO EEConsumo VALUES(931,114,'E2','2022-02-01','2022-02-28',0,0.255838999999999983,144,36.8399999999999963);
INSERT INTO EEConsumo VALUES(932,114,'P','2022-02-01','2022-02-28',0,0.810112999999999971,4.5,3.64999999999999991);
INSERT INTO EEConsumo VALUES(933,114,'R','2022-02-01','2022-02-28',0,0.059130000000000002,113,6.67999999999999971);
INSERT INTO EEConsumo VALUES(934,115,'E1','2022-03-01','2022-03-31',0,0.111812999999999995,163,18.2300000000000004);
INSERT INTO EEConsumo VALUES(935,115,'E2','2022-03-01','2022-03-31',0,0.255838999999999983,152,38.8900000000000005);
INSERT INTO EEConsumo VALUES(936,115,'P','2022-03-01','2022-03-31',0,0.896909999999999985,4.5,4.04000000000000003);
INSERT INTO EEConsumo VALUES(937,115,'R','2022-03-01','2022-03-31',0,0.059130000000000002,315,18.6300000000000025);
INSERT INTO EEConsumo VALUES(938,115,'E1','2022-04-01','2022-04-30',0,0.111812999999999995,158,17.6699999999999981);
INSERT INTO EEConsumo VALUES(939,115,'E2','2022-04-01','2022-04-30',0,0.255838999999999983,99,25.3300000000000018);
INSERT INTO EEConsumo VALUES(940,115,'P','2022-04-01','2022-04-30',0,0.867978000000000027,4.5,3.91000000000000014);
INSERT INTO EEConsumo VALUES(941,115,'R','2022-04-01','2022-04-30',0,0.059130000000000002,180,10.6400000000000005);
INSERT INTO EEConsumo VALUES(1206,132,'E1','2022-05-01','2022-05-31',0,0.111812999999999995,204,22.8099999999999987);
INSERT INTO EEConsumo VALUES(1207,132,'E2','2022-05-01','2022-05-31',0,0.255838999999999983,44,11.2599999999999997);
INSERT INTO EEConsumo VALUES(1208,132,'P','2022-05-01','2022-05-31',0,0.896909999999999985,4.5,4.04000000000000003);
INSERT INTO EEConsumo VALUES(1209,132,'R','2022-05-01','2022-05-31',0,0.059130000000000002,248,14.6600000000000001);
INSERT INTO EEConsumo VALUES(1210,132,'E1','2022-06-01','2022-06-30',0,0.111812999999999995,197,22.0300000000000011);
INSERT INTO EEConsumo VALUES(1211,132,'E2','2022-06-01','2022-06-30',0,0.255838999999999983,49,12.5400000000000009);
INSERT INTO EEConsumo VALUES(1212,132,'P','2022-06-01','2022-06-30',0,0.867978000000000027,4.5,3.91000000000000014);
INSERT INTO EEConsumo VALUES(1213,132,'R','2022-06-01','2022-06-30',0,0.059130000000000002,246,14.5500000000000007);
INSERT INTO EEConsumo VALUES(1214,133,'E1','2022-07-01','2022-07-31',0,0.111812999999999995,162,18.1099999999999994);
INSERT INTO EEConsumo VALUES(1215,133,'P','2022-07-01','2022-07-31',0,0.896909999999999985,4.5,4.04000000000000003);
INSERT INTO EEConsumo VALUES(1216,133,'E1','2022-08-01','2022-08-31',0,0.111812999999999995,116,12.9699999999999988);
INSERT INTO EEConsumo VALUES(1217,133,'P','2022-08-01','2022-08-31',0,0.896909999999999985,4.5,4.04000000000000003);
INSERT INTO EEConsumo VALUES(1218,134,'E1','2022-07-01','2022-07-31',0,0.111812999999999995,204,22.8099999999999987);
INSERT INTO EEConsumo VALUES(1219,134,'E2','2022-07-01','2022-07-31',0,0.255838999999999983,72,18.4199999999999981);
INSERT INTO EEConsumo VALUES(1220,134,'P','2022-07-01','2022-07-31',0,0.896909999999999985,4.5,4.04000000000000003);
INSERT INTO EEConsumo VALUES(1221,134,'R','2022-07-01','2022-07-31',0,0.059130000000000002,276,16.3200000000000002);
INSERT INTO EEConsumo VALUES(1222,134,'E1','2022-08-01','2022-08-31',0,0.111812999999999995,204,22.8099999999999987);
INSERT INTO EEConsumo VALUES(1223,134,'E2','2022-08-01','2022-08-31',0,0.255838999999999983,72,18.4199999999999981);
INSERT INTO EEConsumo VALUES(1224,134,'P','2022-08-01','2022-08-31',0,0.896909999999999985,4.5,4.04000000000000003);
INSERT INTO EEConsumo VALUES(1225,134,'R','2022-08-01','2022-08-31',0,0.059130000000000002,276,16.3200000000000002);
INSERT INTO EEConsumo VALUES(1226,134,'E1','2022-09-01','2022-09-30',0,0.111812999999999995,197,22.0300000000000011);
INSERT INTO EEConsumo VALUES(1227,134,'E2','2022-09-01','2022-09-30',0,0.255838999999999983,70,17.9100000000000001);
INSERT INTO EEConsumo VALUES(1228,134,'P','2022-09-01','2022-09-30',0,0.867978000000000027,4.5,3.91000000000000014);
INSERT INTO EEConsumo VALUES(1229,134,'R','2022-09-01','2022-09-30',0,0.059130000000000002,267,15.7900000000000009);
INSERT INTO EEConsumo VALUES(1230,134,'E1','2022-10-01','2022-10-31',0,0.111812999999999995,204,22.8099999999999987);
INSERT INTO EEConsumo VALUES(1231,134,'E2','2022-10-01','2022-10-31',0,0.255838999999999983,72,18.4199999999999981);
INSERT INTO EEConsumo VALUES(1232,134,'P','2022-10-01','2022-10-31',0,0.896909999999999985,4.5,4.04000000000000003);
INSERT INTO EEConsumo VALUES(1233,134,'R','2022-10-01','2022-10-31',0,0.059130000000000002,276,16.3200000000000002);
INSERT INTO EEConsumo VALUES(1234,134,'E1','2022-11-01','2022-11-30',0,0.111812999999999995,197,22.0300000000000011);
INSERT INTO EEConsumo VALUES(1235,134,'E2','2022-11-01','2022-11-30',0,0.255838999999999983,71,18.1600000000000001);
INSERT INTO EEConsumo VALUES(1236,134,'P','2022-11-01','2022-11-30',0,0.867978000000000027,4.5,3.91000000000000014);
INSERT INTO EEConsumo VALUES(1237,134,'R','2022-11-01','2022-11-30',0,0.059130000000000002,268,15.8499999999999996);
INSERT INTO EEConsumo VALUES(1238,134,'PU','2022-12-01','2022-12-31',0,0.294910000000000005,204,60.1600000000000037);
INSERT INTO EEConsumo VALUES(1239,134,'PU','2022-12-01','2022-12-31',0,0.294910000000000005,72,21.2300000000000004);
INSERT INTO EEConsumo VALUES(1240,134,'S1','2022-12-01','2022-12-31',0,0.00713499999999999984,204,1.45999999999999996);
INSERT INTO EEConsumo VALUES(1241,134,'S2','2022-12-01','2022-12-31',0,0.0214050000000000004,72,1.54000000000000003);
INSERT INTO EEConsumo VALUES(1242,134,'P','2022-12-01','2022-12-31',0,0.896909999999999985,4.5,4.04000000000000003);
INSERT INTO EEConsumo VALUES(1243,134,'R','2022-12-01','2022-12-31',0,0.059130000000000002,130,7.69000000000000039);
INSERT INTO EEConsumo VALUES(1244,134,'PU','2023-01-01','2023-01-31',0,0.174490000000000006,204,35.6000000000000014);
INSERT INTO EEConsumo VALUES(1245,134,'PU','2023-01-01','2023-01-31',0,0.174490000000000006,73,12.7400000000000002);
INSERT INTO EEConsumo VALUES(1246,134,'S1','2023-01-01','2023-01-31',0,0.0101759999999999992,204,2.08000000000000007);
INSERT INTO EEConsumo VALUES(1247,134,'S2','2023-01-01','2023-01-31',0,0.0305279999999999995,73,2.22999999999999998);
INSERT INTO EEConsumo VALUES(1248,134,'P','2023-01-01','2023-01-31',0,0.896909999999999985,4.5,4.04000000000000003);
INSERT INTO EEConsumo VALUES(1249,134,'R','2023-01-01','2023-01-31',0,0.059130000000000002,277,16.3800000000000025);
INSERT INTO EEConsumo VALUES(1250,134,'PU','2023-02-01','2023-02-28',0,0.16106999999999999,184,29.639999999999997);
INSERT INTO EEConsumo VALUES(1251,134,'PU','2023-02-01','2023-02-28',0,0.16106999999999999,66,10.629999999999999);
INSERT INTO EEConsumo VALUES(1252,134,'S1','2023-02-01','2023-02-28',0,0.0101759999999999992,184,1.86999999999999988);
INSERT INTO EEConsumo VALUES(1253,134,'S2','2023-02-01','2023-02-28',0,0.0305279999999999995,66,2.01000000000000023);
INSERT INTO EEConsumo VALUES(1254,134,'P','2023-02-01','2023-02-28',0,0.810112999999999971,4.5,3.64999999999999991);
INSERT INTO EEConsumo VALUES(1255,134,'R','2023-02-01','2023-02-28',0,0.059130000000000002,250,14.7800000000000011);
INSERT INTO EEConsumo VALUES(1256,134,'PU','2023-03-01','2023-03-31',0,0.136380000000000001,204,27.8200000000000002);
INSERT INTO EEConsumo VALUES(1257,134,'PU','2023-03-01','2023-03-31',0,0.136380000000000001,72,9.82000000000000028);
INSERT INTO EEConsumo VALUES(1258,134,'S1','2023-03-01','2023-03-31',0,0.0101759999999999992,204,2.08000000000000007);
INSERT INTO EEConsumo VALUES(1259,134,'S2','2023-03-01','2023-03-31',0,0.0305279999999999995,72,2.20000000000000017);
INSERT INTO EEConsumo VALUES(1260,134,'P','2023-03-01','2023-03-31',0,0.896909999999999985,4.5,4.04000000000000003);
INSERT INTO EEConsumo VALUES(1261,134,'R','2023-03-01','2023-03-31',0,0.059130000000000002,276,16.3200000000000002);
INSERT INTO EEConsumo VALUES(1262,134,'PU','2023-04-01','2023-04-30',0,0.134970000000000006,197,26.5899999999999963);
INSERT INTO EEConsumo VALUES(1263,134,'PU','2023-04-01','2023-04-30',0,0.134970000000000006,121,16.3300000000000018);
INSERT INTO EEConsumo VALUES(1264,134,'S1','2023-04-01','2023-04-30',0,0.0101759999999999992,197,2);
INSERT INTO EEConsumo VALUES(1265,134,'S2','2023-04-01','2023-04-30',0,0.0305279999999999995,121,3.68999999999999994);
INSERT INTO EEConsumo VALUES(1266,134,'P','2023-04-01','2023-04-30',0,0.867978000000000027,4.5,3.91000000000000014);
INSERT INTO EEConsumo VALUES(1267,134,'R','2023-04-01','2023-04-30',0,0.059130000000000002,170,10.0500000000000007);
INSERT INTO EEConsumo VALUES(1268,135,'E1','2022-09-01','2022-09-30',1,0.111812999999999995,116,12.9699999999999988);
INSERT INTO EEConsumo VALUES(1269,135,'P','2022-09-01','2022-09-30',1,0.867978000000000027,4.5,3.91000000000000014);
INSERT INTO EEConsumo VALUES(1270,135,'E1','2022-10-01','2022-10-31',1,0.111812999999999995,146,16.3200000000000002);
INSERT INTO EEConsumo VALUES(1271,135,'P','2022-10-01','2022-10-31',1,0.896909999999999985,4.5,4.04000000000000003);
CREATE TABLE EEFattura (idEEFattura INTEGER PRIMARY KEY, idIntesta INT, annoComp INT, DataEmiss DATE, fattNrAnno INT, fattNrNumero NVARCHAR (50), periodFattDtIniz DATE, periodFattDtFine DATE, CredPrecKwh INT, CredAttKwh INT, addizFER MONEY, impostaQuiet MONEY, TotPagare MONEY, nomeFile TEXT);
INSERT INTO EEFattura VALUES(36,3,2023,'2023-02-13',2023,'12550','2022-11-01','2022-12-31',0,0,3.13999999999999968,0.160000000000000003,163.50999999999999,NULL);
INSERT INTO EEFattura VALUES(37,3,2023,'2023-04-25',2023,'1011810','2023-01-01','2023-02-28',0,0,1.47999999999999998,0.160000000000000003,107.140000000000014,NULL);
INSERT INTO EEFattura VALUES(38,3,2023,'2023-08-28',2023,'1058159','2023-05-01','2023-06-30',0,0,0.949999999999999955,0.160000000000000003,91.1099999999999994,NULL);
INSERT INTO EEFattura VALUES(70,1,2019,'2019-12-13',2019,'100128446','2019-09-01','2019-10-31',0,0,2.01000000000000023,0.160000000000000003,109.229999999999989,'EE_2019-09-01_2019-10-31.pdf');
INSERT INTO EEFattura VALUES(71,1,2020,'2020-02-13',2020,'102011778','2019-11-01','2019-12-31',0,0,2.47999999999999998,0.160000000000000003,121.25999999999999,'EE_2019-11-01_2019-12-31.pdf');
INSERT INTO EEFattura VALUES(72,1,2020,'2020-04-10',2020,'102035619','2020-01-01','2020-02-29',0,0,2.18999999999999994,0.160000000000000003,112.629999999999995,'EE_2020-01-01_2020-02-29.pdf');
INSERT INTO EEFattura VALUES(73,1,2020,'2020-06-09',2020,'102058068','2020-03-01','2020-04-30',0,0,2.58000000000000007,0.160000000000000003,123.479999999999989,'EE_2020-03-01_2020-04-30.pdf');
INSERT INTO EEFattura VALUES(74,1,2020,'2020-08-14',2020,'102081806','2020-05-01','2020-06-30',0,0,2.11000000000000031,0.160000000000000003,111.5,'EE_2020-05-01_2020-06-30.pdf');
INSERT INTO EEFattura VALUES(75,1,2020,'2020-09-29',2020,'102093513','2020-07-01','2020-07-31',0,0,0.84000000000000008,0.160000000000000003,249.080000000000012,'EE_2020-07-01_2020-07-31.pdf');
INSERT INTO EEFattura VALUES(76,1,2021,'2021-02-19',2021,'10022766','2020-08-01','2020-12-31',0,0,6.27999999999999936,0.160000000000000003,304.449999999999988,'EE_2020-08-01_2020-12-31.pdf');
INSERT INTO EEFattura VALUES(77,1,2021,'2021-09-24',2021,'10092352','2021-01-01','2021-04-30',1954,633,0.650000000000000022,0.160000000000000003,73.8200000000000073,'EE_2021-01-01_2021-04-30.pdf');
INSERT INTO EEFattura VALUES(78,1,2022,'2022-01-28',2022,'1000885','2021-05-01','2021-08-31',633,0,3.41000000000000014,0.160000000000000003,174.890000000000014,'EE_2021-05-01_2021-08-31.pdf');
INSERT INTO EEFattura VALUES(79,1,2022,'2022-05-20',2022,'1047683','2021-09-01','2021-12-31',5096,0,5.54999999999999982,0.160000000000000003,257.209999999999979,'EE_2021-09-01_2021-12-31.pdf');
INSERT INTO EEFattura VALUES(80,1,2022,'2022-07-08',2022,'1071926','2022-01-01','2022-04-30',5096,3940,0.650000000000000022,0.160000000000000003,73.8299999999999982,'EE_2022-01-01_2022-04-30.pdf');
INSERT INTO EEFattura VALUES(81,1,2022,'2022-10-27',2022,'1118126','2022-05-01','2022-08-31',3940,2592,0.67000000000000004,0.160000000000000003,75.6500000000000056,'EE_2022-05-01_2022-08-31.pdf');
INSERT INTO EEFattura VALUES(82,1,2023,'2023-03-17',2023,'22750','2022-09-01','2022-12-31',2592,910,0.65999999999999992,0.160000000000000003,75.0999999999999943,'EE_2022-09-01_2022-12-31.pdf');
INSERT INTO EEFattura VALUES(83,1,2023,'2023-08-02',2023,'1044418','2023-01-01','2023-04-30',5489,4115,0.650000000000000022,0.160000000000000003,73.8200000000000073,'EE_2023-01-01_2023-04-30.pdf');
INSERT INTO EEFattura VALUES(84,1,2023,'2023-11-23',2023,'1090847','2023-05-01','2023-08-31',4115,2728,0.67000000000000004,0.160000000000000003,75.6599999999999965,'EE_2023-05-01_2023-08-31.pdf');
INSERT INTO EEFattura VALUES(85,2,2021,'2021-02-11',2021,'10009304','2020-11-01','2020-12-31',0,0,1.10999999999999987,0.160000000000000003,82.1899999999999977,'EE_2020-11-01_2020-12-31.pdf');
INSERT INTO EEFattura VALUES(86,2,2021,'2021-04-15',2021,'10033266','2021-01-01','2021-02-28',0,0,0.699999999999999955,0.160000000000000003,67.1299999999999954,'EE_2021-01-01_2021-02-28.pdf');
INSERT INTO EEFattura VALUES(87,2,2021,'2021-06-15',2021,'10055715','2021-03-01','2021-04-30',0,0,0.5,0.160000000000000003,61.9200000000000017,'EE_2021-03-01_2021-04-30.pdf');
INSERT INTO EEFattura VALUES(88,2,2021,'2021-08-27',2021,'10078178','2021-05-01','2021-06-30',0,0,0.42000000000000004,0.160000000000000003,56.3200000000000073,'EE_2021-05-01_2021-06-30.pdf');
INSERT INTO EEFattura VALUES(89,2,2021,'2021-10-19',2021,'10102069','2021-07-01','2021-08-31',0,0,0.690000000000000057,0.160000000000000003,69.1400000000000005,'EE_2021-07-01_2021-08-31.pdf');
INSERT INTO EEFattura VALUES(90,2,2021,'2021-12-15',2021,'10124453','2021-09-01','2021-10-31',0,0,0.32999999999999996,0.160000000000000003,50.8299999999999982,'EE_2021-09-01_2021-10-31.pdf');
INSERT INTO EEFattura VALUES(91,2,2022,'2022-02-11',2022,'1010580','2021-11-01','2021-12-31',0,0,0.540000000000000035,0.160000000000000003,63.2000000000000028,'EE_2021-11-01_2021-12-31.pdf');
INSERT INTO EEFattura VALUES(92,2,2022,'2022-06-15',2022,'1057277','2022-03-01','2022-04-30',0,0,0.459999999999999964,0.160000000000000003,67.8900000000000005,'EE_2022-03-01_2022-04-30.pdf');
INSERT INTO EEFattura VALUES(93,2,2022,'2022-08-12',2022,'1081555','2022-05-01','2022-06-30',0,0,0.32999999999999996,0.160000000000000003,56.6499999999999985,'EE_2022-05-01_2022-06-30.pdf');
INSERT INTO EEFattura VALUES(94,2,2022,'2022-10-14',2022,'1104011','2022-07-01','2022-08-31',0,0,0.339999999999999968,0.160000000000000003,68.0700000000000073,'EE_2022-07-01_2022-08-31.pdf');
INSERT INTO EEFattura VALUES(95,2,2022,'2022-12-15',2022,'1128269','2022-09-01','2022-10-31',0,0,0.32999999999999996,0.160000000000000003,62.8100000000000022,'EE_2022-09-01_2022-10-31.pdf');
INSERT INTO EEFattura VALUES(96,2,2023,'2023-02-13',2023,'7800','2022-11-01','2022-12-31',0,0,0.32999999999999996,0.160000000000000003,97.1899999999999977,'EE_2022-11-01_2022-12-31.pdf');
INSERT INTO EEFattura VALUES(97,2,2023,'2023-04-25',2023,'1007077','2023-01-01','2023-02-28',0,0,0.320000000000000006,0.160000000000000003,76.2100000000000079,'EE_2023-01-01_2023-02-28.pdf');
INSERT INTO EEFattura VALUES(98,2,2023,'2023-06-15',2023,'1029302','2023-03-01','2023-04-30',0,0,0.32999999999999996,0.160000000000000003,65.3100000000000022,'EE_2023-03-01_2023-04-30.pdf');
INSERT INTO EEFattura VALUES(99,3,2019,'2019-10-15',2019,'100109767','2019-07-01','2019-08-31',0,0,0.339999999999999968,0.160000000000000003,13.9199999999999981,'EE_2019-07-01_2019-08-31.pdf');
INSERT INTO EEFattura VALUES(100,3,2019,'2019-12-13',2019,'100132147','2019-09-01','2019-10-31',0,0,0.32999999999999996,0.160000000000000003,29.3800000000000025,'EE_2019-09-01_2019-10-31.pdf');
INSERT INTO EEFattura VALUES(101,3,2020,'2020-02-13',2020,'102015439','2019-11-01','2019-12-31',0,0,2.85000000000000008,0.160000000000000003,139.25,'EE_2019-11-01_2019-12-31.pdf');
INSERT INTO EEFattura VALUES(102,3,2020,'2020-04-10',2020,'102039234','2020-01-01','2020-02-29',0,0,9.22000000000000064,0.160000000000000003,291.620000000000004,'EE_2020-01-01_2020-02-29.pdf');
INSERT INTO EEFattura VALUES(103,3,2020,'2020-06-09',2020,'102061655','2020-03-01','2020-04-30',0,0,3.98999999999999976,0.160000000000000003,159.25,'EE_2020-03-01_2020-04-30.pdf');
INSERT INTO EEFattura VALUES(104,3,2020,'2020-08-14',2020,'102085382','2020-05-01','2020-06-30',0,0,1.22999999999999998,0.160000000000000003,79.5600000000000022,'EE_2020-05-01_2020-06-30.pdf');
INSERT INTO EEFattura VALUES(105,3,2020,'2020-10-15',2020,'102109019','2020-07-01','2020-08-31',0,0,0.339999999999999968,0.160000000000000003,49.7100000000000008,'EE_2020-07-01_2020-08-31.pdf');
INSERT INTO EEFattura VALUES(106,3,2020,'2020-12-15',2020,'102131556','2020-09-01','2020-10-31',0,0,0.32999999999999996,0.160000000000000003,47.1899999999999977,'EE_2020-09-01_2020-10-31.pdf');
INSERT INTO EEFattura VALUES(107,3,2021,'2021-02-11',2021,'10014754','2020-11-01','2020-12-31',0,0,2.78000000000000024,0.160000000000000003,137.030000000000001,'EE_2020-11-01_2020-12-31.pdf');
INSERT INTO EEFattura VALUES(108,3,2021,'2021-04-15',2021,'10038628','2021-01-01','2021-02-28',0,0,3.42000000000000037,0.160000000000000003,143.120000000000004,'EE_2021-01-01_2021-02-28.pdf');
INSERT INTO EEFattura VALUES(109,3,2021,'2021-06-15',2021,'10061022','2021-03-01','2021-04-30',0,0,2.43000000000000016,0.160000000000000003,119.900000000000005,'EE_2021-03-01_2021-04-30.pdf');
INSERT INTO EEFattura VALUES(110,3,2021,'2021-08-27',2021,'10083390','2021-05-01','2021-06-30',0,0,1.43000000000000016,0.160000000000000003,92.1299999999999954,'EE_2021-05-01_2021-06-30.pdf');
INSERT INTO EEFattura VALUES(111,3,2021,'2021-10-19',2021,'10107226','2021-07-01','2021-08-31',0,0,0.709999999999999964,0.160000000000000003,69.1599999999999965,'EE_2021-07-01_2021-08-31.pdf');
INSERT INTO EEFattura VALUES(112,3,2021,'2021-12-15',2021,'10129589','2021-09-01','2021-10-31',0,0,1.78999999999999981,0.160000000000000003,104.329999999999998,'EE_2021-09-01_2021-10-31.pdf');
INSERT INTO EEFattura VALUES(113,3,2022,'2022-02-11',2022,'1015677','2021-11-01','2021-12-31',0,0,2.68000000000000016,0.160000000000000003,133.609999999999985,'EE_2021-11-01_2021-12-31.pdf');
INSERT INTO EEFattura VALUES(114,3,2022,'2022-04-14',2022,'1038176','2022-01-01','2022-02-28',0,0,3.93999999999999994,0.160000000000000003,163.319999999999993,'EE_2022-01-01_2022-02-28.pdf');
INSERT INTO EEFattura VALUES(115,3,2022,'2022-06-15',2022,'1062269','2022-03-01','2022-04-30',0,0,2.95999999999999996,0.160000000000000003,140.50999999999999,'EE_2022-03-01_2022-04-30.pdf');
INSERT INTO EEFattura VALUES(132,3,2022,'2022-08-12',2022,'1086518','2022-05-01','2022-06-30',0,0,1.30000000000000004,0.160000000000000003,107.25999999999999,'EE_2022-05-01_2022-06-30.pdf');
INSERT INTO EEFattura VALUES(133,3,2022,'2022-10-14',2022,'1108917','2022-07-01','2022-08-31',0,0,0.339999999999999968,0.160000000000000003,39.5,'EE_2022-07-01_2022-08-31.pdf');
INSERT INTO EEFattura VALUES(134,3,2023,'2023-06-15',2023,'1033960','2022-07-01','2023-04-30',0,0,3.45000000000000017,0.160000000000000003,322.899999999999977,'EE_2022-07-01_2023-04-30.pdf');
INSERT INTO EEFattura VALUES(135,3,2022,'2022-12-15',2022,'1133113','2022-09-01','2022-10-31',0,0,0.32999999999999996,0.160000000000000003,37.5700000000000002,'EE_2022-09-01_2022-10-31.pdf');
CREATE TABLE H2OFattura (idH2OFattura INTEGER PRIMARY KEY, idIntesta INT, annoComp INT, DataEmiss DATE, fattNrAnno INT, fattNrNumero NVARCHAR (50), periodFattDtIniz DATE, periodFattDtFine DATE, periodCongDtIniz DATE, periodCongDtFine DATE, periodAccontoDtIniz DATE, periodAccontoDtFine DATE, assicurazione MONEY, impostaQuiet MONEY, RestituzAccPrec MONEY, TotPagare MONEY, nomeFile TEXT);
INSERT INTO H2OFattura VALUES(1,1,2020,'2020-04-20',2020,'320016588','2019-11-01','2020-02-29',NULL,'2020-02-29','2019-11-01',NULL,5.38999999999999968,0.170000000000000012,NULL,76.8799999999999954,'H2O_2019-11-01_2020-02-29.pdf');
INSERT INTO H2OFattura VALUES(2,1,2020,'2020-08-04',2020,'320035544','2020-03-01','2020-06-30','2019-10-05','2020-05-28','2020-05-29','2020-06-30',6.66999999999999992,0.170000000000000012,NULL,0,'H2O_2020-03-01_2020-06-30.pdf');
INSERT INTO H2OFattura VALUES(3,1,2020,'2020-12-09',2020,'320055005','2020-07-01','2020-10-31','2020-05-29','2020-08-25','2020-08-26','2020-10-31',6.72000000000000064,0.170000000000000012,NULL,99.289999999999992,'H2O_2020-07-01_2020-10-31.pdf');
INSERT INTO H2OFattura VALUES(4,1,2021,'2021-05-31',2021,'32016452','2020-11-01','2021-02-28','2020-08-26','2020-12-10','2020-12-11','2021-02-28',6.5599999999999996,0.170000000000000012,NULL,121.00999999999999,'H2O_2020-11-01_2021-02-28.pdf');
INSERT INTO H2OFattura VALUES(5,1,2021,'2021-10-29',2021,'32035363','2021-03-01','2021-06-30','2020-12-11','2021-06-22','2021-06-23','2021-06-30',6.67999999999999971,0.170000000000000012,NULL,34.3900000000000005,'H2O_2021-03-01_2021-06-30.pdf');
INSERT INTO H2OFattura VALUES(6,1,2022,'2022-01-26',2022,'32003826','2021-07-01','2021-10-31','2021-06-23','2021-09-10','2021-09-11','2021-10-31',6.74000000000000021,0.170000000000000012,NULL,76.4200000000000017,'H2O_2021-07-01_2021-10-31.pdf');
INSERT INTO H2OFattura VALUES(7,1,2022,'2022-09-26',2022,'32048878','2022-03-01','2022-07-31','2021-09-11','2022-03-28','2022-07-12','2022-07-31',8.379999999999999,0.170000000000000012,NULL,110.359999999999985,'H2O_2022-03-01_2022-07-31.pdf');
INSERT INTO H2OFattura VALUES(8,1,2023,'2023-01-04',2023,'32003679','2022-08-01','2022-11-30',NULL,'2022-10-10',NULL,'2022-11-30',6.67999999999999971,0.170000000000000012,-13.6699999999999981,72.1599999999999965,'H2O_2022-08-01_2022-11-30.pdf');
INSERT INTO H2OFattura VALUES(9,1,2023,'2023-06-26',2023,'32023573','2022-12-01','2023-03-31',NULL,'2023-03-31',NULL,NULL,6.62999999999999989,0.170000000000000012,NULL,67.9200000000000017,'H2O_2022-12-01_2023-03-31.pdf');
INSERT INTO H2OFattura VALUES(10,1,2023,'2023-09-29',2023,'32043400','2023-04-01','2023-07-31',NULL,'2023-07-31',NULL,NULL,6.67999999999999971,0.170000000000000012,NULL,68.5499999999999971,'H2O_2023-04-01_2023-07-31.pdf');
INSERT INTO H2OFattura VALUES(11,2,2021,'2021-05-31',2021,'32015853','2020-11-01','2021-02-28','2020-08-19','2020-11-30','2020-12-01','2021-02-28',6.5599999999999996,0.170000000000000012,NULL,26.889999999999997,'H2O_2020-11-01_2021-02-28.pdf');
INSERT INTO H2OFattura VALUES(12,2,2021,'2021-10-29',2021,'32034789','2021-03-01','2021-06-30','2020-12-01','2021-04-16','2021-06-12','2021-06-30',6.67999999999999971,0.170000000000000012,NULL,32.5300000000000011,'H2O_2021-03-01_2021-06-30.pdf');
INSERT INTO H2OFattura VALUES(13,2,2022,'2022-01-26',2022,'32003247','2021-07-01','2021-10-31','2021-06-12','2021-09-10','2021-09-11','2021-10-31',6.74000000000000021,0.170000000000000012,NULL,30.4100000000000036,'H2O_2021-07-01_2021-10-31.pdf');
INSERT INTO H2OFattura VALUES(14,2,2022,'2022-05-31',2022,'32028444','2021-11-01','2022-02-28','2021-09-11','2021-12-21','2021-12-22','2022-02-28',6.57000000000000028,0.170000000000000012,NULL,31.3000000000000007,'H2O_2021-11-01_2022-02-28.pdf');
INSERT INTO H2OFattura VALUES(15,2,2022,'2022-09-26',2022,'32048325','2022-03-01','2022-07-31','2021-12-22','2022-04-19','2022-07-06','2022-07-31',8.379999999999999,0.170000000000000012,NULL,45.8599999999999994,'H2O_2022-03-01_2022-07-31.pdf');
INSERT INTO H2OFattura VALUES(16,2,2023,'2023-01-04',2023,'32003129','2022-08-01','2022-11-30',NULL,'2022-10-05',NULL,'2022-11-30',6.67999999999999971,0.170000000000000012,-5.75,45.0100000000000051,'H2O_2022-08-01_2022-11-30.pdf');
INSERT INTO H2OFattura VALUES(17,2,2023,'2023-06-26',2023,'32023024','2022-12-01','2023-03-31',NULL,'2023-03-31',NULL,NULL,6.62999999999999989,0.170000000000000012,NULL,49.4200000000000017,'H2O_2022-12-01_2023-03-31.pdf');
INSERT INTO H2OFattura VALUES(18,2,2023,'2023-09-29',2023,'32042855','2023-04-01','2023-07-31',NULL,'2023-07-10',NULL,'2023-07-31',6.67999999999999971,0.170000000000000012,-54.3900000000000005,17.509999999999998,'H2O_2023-04-01_2023-07-31.pdf');
CREATE TABLE GASFattura (idGASFattura INTEGER PRIMARY KEY, idIntesta INT, annoComp INT, DataEmiss DATE, fattNrAnno INT, fattNrNumero NVARCHAR (50), periodFattDtIniz DATE, periodFattDtFine DATE, periodEffDtIniz DATE, periodEffDtFine DATE, periodAccontoDtIniz DATE, periodAccontoDtFine DATE, accontoBollPrec MONEY, addizFER MONEY, impostaQuiet MONEY, TotPagare MONEY, nomeFile TEXT);
INSERT INTO GASFattura VALUES(1,1,2020,'2020-01-15',2020,'120013992','2019-10-01','2019-11-30',NULL,NULL,'2019-10-01','2019-11-30',NULL,4.40000000000000035,0.359999999999999986,111.799999999999997,'GAS_2019-10-01_2019-11-30.pdf');
INSERT INTO GASFattura VALUES(2,1,2020,'2020-03-13',2020,'120024048','2019-12-01','2020-01-31','2019-05-23','2019-12-18','2019-12-19','2020-01-31',-165.79000000000002,5.79999999999999982,0.359999999999999986,147.400000000000005,'GAS_2019-12-01_2020-01-31.pdf');
INSERT INTO GASFattura VALUES(3,1,2020,'2020-05-16',2020,'120050518','2020-02-01','2020-03-31','2019-12-19','2020-02-24','2020-02-25','2020-03-31',-161.099999999999994,6.04000000000000003,0.359999999999999986,153.479999999999989,'GAS_2020-02-01_2020-03-31.pdf');
INSERT INTO GASFattura VALUES(4,1,2020,'2020-07-16',2020,'120069042','2020-04-01','2020-05-31','2020-02-25','2020-05-21','2020-05-22','2020-05-31',-91.5799999999999982,1.61000000000000009,0.359999999999999986,40.769999999999996,'GAS_2020-04-01_2020-05-31.pdf');
INSERT INTO GASFattura VALUES(5,1,2020,'2020-09-09',2020,'120087431','2020-06-01','2020-07-31',NULL,NULL,'2020-06-01','2020-07-31',NULL,1.06999999999999984,0.359999999999999986,27.1100000000000029,'GAS_2020-06-01_2020-07-31.pdf');
INSERT INTO GASFattura VALUES(6,1,2020,'2020-11-13',2020,'120105879','2020-08-01','2020-09-30',NULL,NULL,'2020-08-01','2020-09-30',NULL,1.31999999999999984,0.359999999999999986,33.4699999999999988,'GAS_2020-08-01_2020-09-30.pdf');
INSERT INTO GASFattura VALUES(7,1,2021,'2021-01-14',2021,'12013676','2020-10-01','2020-11-30',NULL,NULL,'2020-10-01','2020-11-30',NULL,4.40000000000000035,0.359999999999999986,111.799999999999997,'GAS_2020-10-01_2020-11-30.pdf');
INSERT INTO GASFattura VALUES(8,1,2021,'2021-03-15',2021,'12023848','2020-12-01','2021-01-31','2020-05-22','2020-12-21','2020-12-22','2021-01-31',-166.729999999999989,6.64000000000000056,0.359999999999999986,168.77000000000001,'GAS_2020-12-01_2021-01-31.pdf');
INSERT INTO GASFattura VALUES(9,1,2021,'2021-05-13',2021,'12042330','2021-02-01','2021-03-31','2020-12-22','2021-02-19','2021-02-20','2021-03-31',-149.990000000000009,7.74000000000000021,0.359999999999999986,196.800000000000011,'GAS_2021-02-01_2021-03-31.pdf');
INSERT INTO GASFattura VALUES(10,1,2021,'2021-07-29',2021,'12069178','2021-04-01','2021-05-31','2021-02-20','2021-04-08','2021-04-09','2021-05-31',-105.559999999999988,2.20000000000000017,0.359999999999999986,55.8799999999999954,'GAS_2021-04-01_2021-05-31.pdf');
INSERT INTO GASFattura VALUES(11,1,2021,'2021-09-20',2021,'12087506','2021-06-01','2021-07-31',NULL,NULL,'2021-06-01','2021-07-31',NULL,1.06999999999999984,0.359999999999999986,27.1100000000000029,'GAS_2021-06-01_2021-07-31.pdf');
INSERT INTO GASFattura VALUES(12,1,2021,'2021-11-15',2021,'12105923','2021-08-01','2021-09-30',NULL,NULL,'2021-08-01','2021-09-30',NULL,1.31999999999999984,0.359999999999999986,33.4699999999999988,'GAS_2021-08-01_2021-09-30.pdf');
INSERT INTO GASFattura VALUES(13,1,2022,'2022-01-13',2022,'1205461','2021-10-01','2021-11-30',NULL,NULL,'2021-10-01','2021-11-30',NULL,4.40000000000000035,0.359999999999999986,111.799999999999997,'GAS_2021-10-01_2021-11-30.pdf');
INSERT INTO GASFattura VALUES(14,1,2022,'2022-03-16',2022,'1232466','2021-12-01','2022-01-31','2021-04-09','2021-12-17','2021-12-18','2022-01-31',-215.530000000000029,8,0.359999999999999986,203.370000000000004,'GAS_2021-12-01_2022-01-31.pdf');
INSERT INTO GASFattura VALUES(15,1,2022,'2022-05-16',2022,'1251102','2022-02-01','2022-03-31','2021-12-18','2022-02-16','2022-02-17','2022-03-31',-198.949999999999988,9.49000000000000021,0.359999999999999986,241.300000000000011,'GAS_2022-02-01_2022-03-31.pdf');
INSERT INTO GASFattura VALUES(16,1,2022,'2022-07-12',2022,'1261218','2022-04-01','2022-05-31','2022-02-17','2022-04-28','2022-04-29','2022-05-31',-150.390000000000014,2.13999999999999968,0.359999999999999986,54.2200000000000059,'GAS_2022-04-01_2022-05-31.pdf');
INSERT INTO GASFattura VALUES(17,1,2022,'2022-09-14',2022,'1279815','2022-06-01','2022-07-31',NULL,NULL,'2022-06-01','2022-07-31',NULL,1.39000000000000012,0.359999999999999986,35.3100000000000022,'GAS_2022-06-01_2022-07-31.pdf');
INSERT INTO GASFattura VALUES(18,1,2022,'2022-11-14',2022,'1298310','2022-08-01','2022-09-30',NULL,NULL,'2022-08-01','2022-09-30',NULL,1.94999999999999995,0.359999999999999986,49.6300000000000025,'GAS_2022-08-01_2022-09-30.pdf');
INSERT INTO GASFattura VALUES(19,1,2023,'2023-01-13',2023,'5309','2022-10-01','2022-11-30','2022-04-29','2022-11-23','2022-11-24','2022-11-30',NULL,-0.390000000000000013,0.359999999999999986,0,'GAS_2022-10-01_2022-11-30.pdf');
INSERT INTO GASFattura VALUES(20,1,2023,'2023-05-16',2023,'2013566','2022-12-01','2023-01-31','2022-11-24','2023-01-26','2023-01-27','2023-01-31',NULL,10.4900000000000002,0.359999999999999986,256.889999999999986,'GAS_2022-12-01_2023-01-31.pdf');
INSERT INTO GASFattura VALUES(21,1,2023,'2023-07-14',2023,'2031916','2023-02-01','2023-03-31','2023-01-27','2023-03-23','2023-03-24','2023-03-31',NULL,7.82000000000000028,0.359999999999999986,198.920000000000015,'GAS_2023-02-01_2023-03-31.pdf');
INSERT INTO GASFattura VALUES(22,1,2023,'2023-09-18',2023,'2042139','2023-04-01','2023-06-30','2023-03-24','2023-05-03','2023-05-04','2023-06-30',NULL,1.78000000000000002,0.359999999999999986,45.3100000000000022,'GAS_2023-04-01_2023-06-30.pdf');
INSERT INTO GASFattura VALUES(23,1,2023,'2023-11-20',2023,'2060846','2023-07-01','2023-09-30','2023-05-04','2023-07-04','2023-09-01','2023-09-30',NULL,0.800000000000000044,0.359999999999999986,0,'GAS_2023-07-01_2023-09-30.pdf');
INSERT INTO GASFattura VALUES(24,2,2021,'2021-01-14',2021,'12012973','2020-10-01','2020-11-30',NULL,NULL,'2020-10-01','2020-11-30',NULL,4.22000000000000063,0.359999999999999986,107.299999999999997,'GAS_2020-10-01_2020-11-30.pdf');
INSERT INTO GASFattura VALUES(25,2,2021,'2021-03-15',2021,'12023146','2020-12-01','2021-01-31','2020-05-21','2020-12-15','2020-12-16','2021-01-31',-160.54000000000002,7.82000000000000028,0.359999999999999986,198.780000000000001,'GAS_2020-12-01_2021-01-31.pdf');
INSERT INTO GASFattura VALUES(26,2,2021,'2021-05-13',2021,'12041633','2021-02-01','2021-03-31','2020-12-16','2021-02-22','2021-02-23','2021-03-31',-163.879999999999995,8.33999999999999985,0.359999999999999986,212.099999999999994,'GAS_2021-02-01_2021-03-31.pdf');
INSERT INTO GASFattura VALUES(27,2,2021,'2021-07-29',2021,'12068492','2021-04-01','2021-05-31','2021-02-23','2021-04-14','2021-04-15','2021-05-31',-91.039999999999992,3.32000000000000028,0.359999999999999986,84.3900000000000005,'GAS_2021-04-01_2021-05-31.pdf');
INSERT INTO GASFattura VALUES(28,2,2021,'2021-09-20',2021,'12086823','2021-06-01','2021-07-31',NULL,NULL,'2021-06-01','2021-07-31',NULL,1.03000000000000002,0.359999999999999986,26.1300000000000025,'GAS_2021-06-01_2021-07-31.pdf');
INSERT INTO GASFattura VALUES(29,2,2021,'2021-11-15',2021,'12105242','2021-08-01','2021-09-30',NULL,NULL,'2021-08-01','2021-09-30',NULL,1.28000000000000002,0.359999999999999986,32.4899999999999948,'GAS_2021-08-01_2021-09-30.pdf');
INSERT INTO GASFattura VALUES(30,2,2022,'2022-01-13',2022,'1204787','2021-10-01','2021-11-30',NULL,NULL,'2021-10-01','2021-11-30',NULL,4.22000000000000063,0.359999999999999986,107.299999999999997,'GAS_2021-10-01_2021-11-30.pdf');
INSERT INTO GASFattura VALUES(31,2,2022,'2022-03-16',2022,'1231796','2021-12-01','2022-01-31','2021-04-15','2021-12-13','2021-12-14','2022-01-31',-197.430000000000006,11.3900000000000005,0.359999999999999986,289.740000000000009,'GAS_2021-12-01_2022-01-31.pdf');
INSERT INTO GASFattura VALUES(32,2,2022,'2022-05-16',2022,'1250434','2022-02-01','2022-03-31','2021-12-14','2022-02-22','2022-02-23','2022-03-31',-203.159999999999996,12.5,0.359999999999999986,317.959999999999979,'GAS_2022-02-01_2022-03-31.pdf');
INSERT INTO GASFattura VALUES(33,2,2022,'2022-07-12',2022,'1260558','2022-04-01','2022-05-31','2022-02-23','2022-04-22','2022-04-23','2022-05-31',-118.370000000000004,7.91999999999999992,0.359999999999999986,201.420000000000015,'GAS_2022-04-01_2022-05-31.pdf');
INSERT INTO GASFattura VALUES(34,2,2022,'2022-09-14',2022,'1279157','2022-06-01','2022-07-31',NULL,NULL,'2022-06-01','2022-07-31',NULL,1.73999999999999976,0.359999999999999986,44.1000000000000014,'GAS_2022-06-01_2022-07-31.pdf');
INSERT INTO GASFattura VALUES(35,2,2022,'2022-11-14',2022,'1297658','2022-08-01','2022-09-30',NULL,NULL,'2022-08-01','2022-09-30',NULL,2.41000000000000014,0.359999999999999986,61.2100000000000008,'GAS_2022-08-01_2022-09-30.pdf');
INSERT INTO GASFattura VALUES(36,2,2023,'2023-01-13',2023,'4659','2022-10-01','2022-11-30','2022-04-23','2022-11-14','2022-11-15','2022-11-30',NULL,1.94999999999999995,0.359999999999999986,49.6199999999999974,'GAS_2022-10-01_2022-11-30.pdf');
INSERT INTO GASFattura VALUES(37,2,2023,'2023-05-16',2023,'2012924','2022-12-01','2023-01-31','2022-11-15','2023-01-31',NULL,NULL,NULL,15.3300000000000018,0.359999999999999986,389.860000000000013,'GAS_2022-12-01_2023-01-31.pdf');
INSERT INTO GASFattura VALUES(38,2,2023,'2023-07-14',2023,'2031279','2023-02-01','2023-03-31',NULL,NULL,'2023-02-01','2023-03-31',NULL,12.6699999999999999,0.359999999999999986,322.060000000000002,'GAS_2023-02-01_2023-03-31.pdf');
INSERT INTO GASFattura VALUES(39,2,2023,'2023-09-18',2023,'2041500','2023-04-01','2023-06-30','2023-02-01','2023-05-04',NULL,NULL,NULL,3.92999999999999971,0.359999999999999986,99.7399999999999948,'GAS_2023-04-01_2023-06-30.pdf');
CREATE VIEW EEScaglioniImporti AS SELECT NomeIntesta,
       annoComp,
       dtIniz,
       IFNULL(SUM(case when tipospesa = 'E1' then importo end), 0) as EESca1,
       IFNULL(SUM(case when tipospesa = 'E2' then importo end), 0) as EESca2,
       IFNULL(SUM(case when tipospesa = 'E3' then importo end), 0) as EESca3,
       IFNULL(SUM(case when tipospesa = 'S1' then importo end), 0) as SpreadSc1,
       IFNULL(SUM(case when tipospesa = 'S2' then importo end), 0) as SpreadSc2,
       IFNULL(SUM(case when tipospesa = 'PU' then importo end), 0) as Pun,
       IFNULL(SUM(case when tipospesa = 'R' then importo end), 0)  as Rifiuti,
       IFNULL(SUM(case when tipospesa = 'P' then importo end), 0) as ImpegnoPot
   FROM EEConsumoMensile
GROUP BY NomeIntesta, annoComp, dtIniz
ORDER BY nomeIntesta, dtIniz;
CREATE VIEW EEConsumoAnnuo AS SELECT NomeIntesta,
       annoComp,
       SUM(quantita) AS totAnno
      FROM EEConsumoMensile
     GROUP BY NomeIntesta,
              annoComp;
CREATE VIEW EECostoAnnuo AS SELECT NomeIntesta,
       annoComp,
       SUM(importo) AS totAnno
      FROM EEConsumoMensile
     GROUP BY NomeIntesta,
              annoComp;
CREATE VIEW EEScaglioniPrezzoUnit AS SELECT NomeIntesta,
       annoComp,
       dtIniz,
       SUM(IFNULL((case when tipospesa = 'E1' then prezzoUnit end), 0)) as Sca1,
       SUM(IFNULL((case when tipospesa = 'E2' then prezzoUnit end), 0)) as Sca2,
       SUM(IFNULL((case when tipospesa = 'E3' then prezzoUnit end), 0)) as Sca3,
       SUM(IFNULL((case when tipospesa = 'S1' then prezzoUnit end), 0)) as SpreadSc1,
       SUM(IFNULL((case when tipospesa = 'S2' then prezzoUnit end), 0)) as SpreadSc2,
       SUM(IFNULL((case when tipospesa = 'PU' then prezzoUnit end), 0)) as Pun,
       SUM(IFNULL((case when tipospesa = 'R' then prezzoUnit end), 0)) as Rifiuti,
       SUM(IFNULL((case when tipospesa = 'P' then prezzoUnit end), 0)) as ImpegnoTot
 FROM EEConsumoMensile
GROUP BY NomeIntesta, annoComp, dtIniz;
CREATE VIEW EEConsumoMensile AS SELECT te.NomeIntesta,
           cs.idEEFattura,
           cs.dtIniz,
           strftime('%Y-%m', cs.dtIniz) AS meseComp,
           CAST( strftime('%Y', cs.dtIniz) AS int) as annoComp,
           cs.tipoSpesa,
           cs.prezzoUnit,
           cs.quantita,
           cs.importo
      FROM EEConsumo AS cs
           INNER JOIN
           EEFattura AS ft ON ft.idEEFattura = cs.idEEFattura
           INNER JOIN
           intesta AS te ON ft.idIntesta = te.idIntesta
     WHERE 1 = 1 AND 
           0 < (
                   SELECT SUM(LettAttuale) 
                     FROM EELettura
                    WHERE idEEFattura = ft.idEEFattura
               );
CREATE VIEW EELettureMensili AS SELECT te.NomeIntesta,
           le.idLettura,
           le.idEEFattura,
           CAST(strftime('%Y', le.LettDtAttuale) AS int) as annoComp,
           le.LettDtPrec,
           -- strftime('%Y.%m',DATE(le.LettDtPrec)) as mmDtPrec,
           le.TipoLettura,
           le.LettPrec,
           le.LettDtAttuale,
           -- strftime('%Y.%m',le.LettDtAttuale) as mmDtAttuale,
           le.LettAttuale,
           le.LettConsumo,
           JULIANDAY(le.LettDtAttuale) - JULIANDAY(le.LettDtPrec) as qtaGG
      FROM EELettura AS le
      INNER JOIN EEFattura AS ft 
         ON ft.idEEFattura = le.idEEFattura
      INNER JOIN intesta AS te 
         ON ft.idIntesta = te.idIntesta
;
CREATE VIEW GASConsumoMensile AS SELECT te.NomeIntesta 
      ,cs.idGASFattura
      --,dbo.toAnnoMese(cs.dtIniz) as dtIniz
      --,dbo.toAnnoMese(cs.dtFine) as dtFine
      ,strftime('%Y-%m', cs.dtIniz) AS meseComp
      ,CAST( strftime('%Y', cs.dtIniz) AS int) as annoComp
      ,cs.dtIniz as dtIniz
      ,cs.dtFine as dtFine
      ,cs.tipoSpesa
      ,cs.prezzoUnit
      ,cs.quantita
      ,JULIANDAY(cs.dtFine) - JULIANDAY(cs.dtIniz) + 1 as qtaGG
      ,cs.quantita / (JULIANDAY(cs.dtFine) - JULIANDAY(cs.dtIniz) + 1) as mediaGG
      ,cs.importo
  FROM GASConsumo as cs
    INNER JOIN GASFattura as ft
       ON ft.idGASFattura=cs.idGASFattura
    INNER JOIN intesta as te
      ON ft.idIntesta=te.idIntesta
WHERE  ft.periodEffDtIniz IS NOT NULL
   AND cs.dtIniz BETWEEN
	      -- ft.periodEffDtIniz  
		  ( SELECT MIN(lt.lettData) 
		      FROM GASLettura as lt
		     WHERE lt.idGASFattura=ft.idGASFattura )
	   AND 
	      -- ft.periodEffDtFine
  		  ( SELECT MAX(lt.lettData) 
		      FROM GASLettura as lt
		     WHERE lt.idGASFattura=ft.idGASFattura )
;
CREATE VIEW GASScaglioniImporto AS SELECT NomeIntesta
     , idGASFattura
     , annoComp
     , dtIniz
     , dtFine
     , JULIANDAY(dtFine) - JULIANDAY(dtIniz) + 1 as qtaGG
     , SUM(case when tipospesa = 'G1' then importo end) as Scagl1
     , SUM(case when tipospesa = 'G2' then importo end) as Scagl2
     , SUM(case when tipospesa = 'G3' then importo end) as Scagl3

     , COALESCE( SUM(case when tipospesa = 'G1' then importo end), 0)
     + COALESCE( SUM(case when tipospesa = 'G2' then importo end), 0)
     + COALESCE( SUM(case when tipospesa = 'G3' then importo end), 0) as Totale
     

     , ( COALESCE( SUM(case when tipospesa = 'G1' then importo end), 0)
       + COALESCE( SUM(case when tipospesa = 'G2' then importo end), 0)
       + COALESCE( SUM(case when tipospesa = 'G3' then importo end), 0) )
     / (JULIANDAY(dtFine) - JULIANDAY(dtIniz) + 1) as mediaGG
		 
     FROM 	GASConsumoMensile
GROUP BY NomeIntesta
     , idGASFattura
     , dtIniz
     , dtFine;
CREATE VIEW GASScaglioniPrezzoUnit AS SELECT NomeIntesta,
       annoComp,
       dtIniz,
       dtFine,
       JULIANDAY(dtFine) - JULIANDAY(dtIniz) as qtaGG,
       SUM(IFNULL((case when tipospesa = 'G1' then prezzoUnit end), 0)) as Sca1,
       SUM(IFNULL((case when tipospesa = 'G2' then prezzoUnit end), 0)) as Sca2,
       SUM(IFNULL((case when tipospesa = 'G3' then prezzoUnit end), 0)) as Sca3,
       SUM(IFNULL((case when tipospesa = 'G1' then prezzoUnit end), 0)) +
       SUM(IFNULL((case when tipospesa = 'G2' then prezzoUnit end), 0)) +
       SUM(IFNULL((case when tipospesa = 'G3' then prezzoUnit end), 0)) as Totale,
      ( SUM(IFNULL((case when tipospesa = 'G1' then prezzoUnit end), 0)) +
       SUM(IFNULL((case when tipospesa = 'G2' then prezzoUnit end), 0)) +
       SUM(IFNULL((case when tipospesa = 'G3' then prezzoUnit end), 0)) 
       ) / CAST( (JULIANDAY(dtFine) - JULIANDAY(dtIniz)) AS float) as mediaGG
 FROM GASConsumoMensile
GROUP BY NomeIntesta, annoComp, dtIniz;
CREATE VIEW GASConsumoAnnuo AS SELECT NomeIntesta,
       annoComp,
       SUM(quantita) AS consumoAnnuo
      FROM GASConsumoMensile
     GROUP BY NomeIntesta,
              annoComp;
CREATE VIEW GASCostoAnnuo AS SELECT NomeIntesta,
       annoComp,
       SUM(importo) AS costoAnnuo
      FROM GASConsumoMensile
     GROUP BY NomeIntesta,
              annoComp;
CREATE VIEW GASLettureMensili AS SELECT te.NomeIntesta
      ,ft.idGASFattura
      ,ft.annoComp
      ,ft.periodAccontoDtIniz
      ,ft.periodAccontoDtFine
      ,ft.periodEffDtIniz
      ,ft.periodEffDtFine
      ,ft.periodFattDtIniz
      ,ft.periodFattDtFine
      ,le.LettData
      ,le.lettQtaMc
      ,le.TipoLett
      ,le.Consumofatt  
FROM GASLettura as le
	  INNER JOIN GASFattura as ft
		 ON ft.idGASFattura=le.idGASFattura
	  INNER JOIN intesta as te
		 ON ft.idIntesta=te.idIntesta
WHERE  1=1;
CREATE VIEW GASLettureMensiliTipo AS SELECT NomeIntesta
--      ,annoComp
        , COALESCE(periodAccontoDtIniz,periodEffDtIniz,periodFattDtIniz) as dtIniz
        , COALESCE(periodAccontoDtFine,periodEffDtFine,periodFattDtFine) as dtFine
--      ,periodAccontoDtFine
--      ,periodEffDtIniz
--      ,periodEffDtFine
--      ,periodFattDtIniz
--      ,periodFattDtFine
--      ,LettData
      ,SUM(IFNULL((case when tipoLett = 'eff'  then lettQtaMc end), 0)) as qtaMcEff
      ,SUM(IFNULL((case when tipoLett = 'stim' then lettQtaMc end), 0)) as qtaMcStim
      ,SUM(IFNULL((case when tipoLett = 'auto' then lettQtaMc end), 0)) as qtaMcAuto
      ,SUM(IFNULL((case when tipoLett = 'tot'  then lettQtaMc end), 0)) as qtaMcTot

      ,SUM(IFNULL((case when tipoLett = 'eff'  then Consumofatt end), 0)) as ConsumofattEff
      ,SUM(IFNULL((case when tipoLett = 'stim' then Consumofatt end), 0)) as ConsumofattStim
      ,SUM(IFNULL((case when tipoLett = 'auto' then Consumofatt end), 0)) as ConsumofattAuto
      ,SUM(IFNULL((case when tipoLett = 'tot'  then Consumofatt end), 0)) as ConsumofattTot

FROM GASLettureMensili
GROUP BY NomeIntesta, dtIniz, dtFine
;
CREATE VIEW H2OConsumoMensile AS SELECT te.NomeIntesta,
       cs.idH2OFattura,
       CAST (strftime('%Y', cs.dtIniz) AS INT) AS annoComp,
       cs.dtIniz,
       cs.dtFine,
       cs.tipoSpesa,
       cs.prezzoUnit,
       cs.quantita,
       cs.importo
  FROM H2OConsumo AS cs
       INNER JOIN
       H2OFattura AS ft ON ft.idH2OFattura = cs.idH2OFattura
       INNER JOIN
       intesta AS te ON ft.idIntesta = te.idIntesta;
CREATE VIEW H2OScaglioniImporti AS SELECT NomeIntesta,
       annoComp,
       dtIniz,
       dtFine,
       CAST(julianday('%d',dtFine) as int) - CAST(julianday('%d',dtIniz) as int) as qtaGG,
       IFNULL(SUM(case when tipospesa = 'S1' then importo end), 0) as Sca1,
       IFNULL(SUM(case when tipospesa = 'S2' then importo end), 0) as Sca2,
       IFNULL(SUM(case when tipospesa = 'S3' then importo end), 0) as Sca3,
       IFNULL(SUM(case when tipospesa = 'S4' then importo end), 0) as Sca4,

       IFNULL(SUM(case when tipospesa = 'TA1' then importo end), 0) as TarA1,
       IFNULL(SUM(case when tipospesa = 'TA2' then importo end), 0) as TarA2,
       IFNULL(SUM(case when tipospesa = 'TA3' then importo end), 0) as TarA3,
       IFNULL(SUM(case when tipospesa = 'TA4' then importo end), 0) as TarA4,

       IFNULL(SUM(case when tipospesa = 'F' then importo end), 0) as quotaFissa
   FROM H2OConsumoMensile
GROUP BY NomeIntesta, annoComp, dtIniz,dtFine
ORDER BY nomeIntesta, dtIniz;
CREATE VIEW H2OScaglioniPrezzoUnit AS SELECT NomeIntesta,
       annoComp,
       dtIniz,
       dtFine,
       JULIANDAY(dtFine) - JULIANDAY(dtIniz) as qtaGG,
       IFNULL(SUM(case when tipospesa = 'S1' then prezzoUnit end), 0) as Sca1,
       IFNULL(SUM(case when tipospesa = 'S2' then prezzoUnit end), 0) as Sca2,
       IFNULL(SUM(case when tipospesa = 'S3' then prezzoUnit end), 0) as Sca3,
       IFNULL(SUM(case when tipospesa = 'S4' then prezzoUnit end), 0) as Sca4,

       IFNULL(SUM(case when tipospesa = 'TA1' then prezzoUnit end), 0) as TarA1,
       IFNULL(SUM(case when tipospesa = 'TA2' then prezzoUnit end), 0) as TarA2,
       IFNULL(SUM(case when tipospesa = 'TA3' then prezzoUnit end), 0) as TarA3,
       IFNULL(SUM(case when tipospesa = 'TA4' then prezzoUnit end), 0) as TarA4,

       IFNULL(SUM(case when tipospesa = 'F' then prezzoUnit end), 0) as quotaFissa
   FROM H2OConsumoMensile
GROUP BY NomeIntesta, annoComp, dtIniz,dtFine
ORDER BY nomeIntesta, dtIniz;
CREATE UNIQUE INDEX UX_EEFattura_dataEmiss ON EEFattura (
    idIntesta,
    DataEmiss
);
CREATE UNIQUE INDEX UX_H2OFattura_dataEmiss ON H2OFattura (
    idIntesta,
    DataEmiss
);
CREATE UNIQUE INDEX UX_GASFattura_dataEmiss ON GASFattura (
    idIntesta,
    DataEmiss
);
COMMIT;
